dataset,method,metric,round,value
3FTx,PCA,trust_k15,0,0.9441771649907376
3FTx,PCA,trust_k15,1,0.938402407688087
3FTx,PCA,trust_k15,2,0.9432585276813508
3FTx,PCA,trust_k15,3,0.936154435372154
3FTx,PCA,trust_k15,4,0.9394731552556811
3FTx,PCA,trust_k15,5,0.9396736148459612
3FTx,PCA,trust_k15,6,0.9422431917078179
3FTx,PCA,trust_k15,7,0.9388935065217273
3FTx,PCA,trust_k15,8,0.9397768325211732
3FTx,PCA,trust_k15,9,0.9407829332290292
3FTx,PCA,trust_k15,10,0.9374256425300282
3FTx,PCA,trust_k15,11,0.9397589052407417
3FTx,PCA,trust_k15,12,0.9372039961537835
3FTx,PCA,trust_k15,13,0.9410110986163399
3FTx,PCA,trust_k15,14,0.9413718172286597
3FTx,PCA,trust_k15,15,0.9385691857211927
3FTx,PCA,trust_k15,16,0.9439886569207452
3FTx,PCA,trust_k15,17,0.9374348777957051
3FTx,PCA,trust_k15,18,0.9394796742667471
3FTx,PCA,trust_k15,19,0.9392064190528964
3FTx,PCA,trust_k15,20,0.9431455314895397
3FTx,PCA,trust_k15,21,0.9436029487660056
3FTx,PCA,trust_k15,22,0.9403287754580963
3FTx,PCA,trust_k15,23,0.9373631686739788
3FTx,PCA,trust_k15,24,0.9383323283191274
3FTx,PCA,trust_k15,25,0.9416548509591095
3FTx,PCA,trust_k15,26,0.9410572749447242
3FTx,PCA,trust_k15,27,0.9385273554001858
3FTx,PCA,trust_k15,28,0.9372528887367786
3FTx,PCA,trust_k15,29,0.941566301058796
3FTx,PCA,trust_k15,30,0.9396812203588716
3FTx,PCA,trust_k15,31,0.9423235928442989
3FTx,PCA,trust_k15,32,0.9424550595674637
3FTx,PCA,trust_k15,33,0.9404281903768532
3FTx,PCA,trust_k15,34,0.9398577769085763
3FTx,PCA,trust_k15,35,0.9376695621940818
3FTx,PCA,trust_k15,36,0.9429575666704695
3FTx,PCA,trust_k15,37,0.9412973918523226
3FTx,PCA,trust_k15,38,0.940904621435595
3FTx,PCA,trust_k15,39,0.9383518853523254
3FTx,PCA,trust_k15,40,0.9377298630464426
3FTx,PCA,trust_k15,41,0.9385197498872755
3FTx,PCA,trust_k15,42,0.9393324532668395
3FTx,PCA,trust_k15,43,0.9378194994486003
3FTx,PCA,trust_k15,44,0.939511726071155
3FTx,PCA,trust_k15,45,0.9391423154440804
3FTx,PCA,trust_k15,46,0.9395367156135748
3FTx,PCA,trust_k15,47,0.938566469466582
3FTx,PCA,trust_k15,48,0.9382073806070286
3FTx,PCA,trust_k15,49,0.9387951781048148
3FTx,PCA,knn_acc,0,0.7596685082872928
3FTx,PCA,knn_acc,1,0.7348066298342542
3FTx,PCA,knn_acc,2,0.7541436464088398
3FTx,PCA,knn_acc,3,0.7265193370165746
3FTx,PCA,knn_acc,4,0.7541436464088398
3FTx,PCA,knn_acc,5,0.7569060773480663
3FTx,PCA,knn_acc,6,0.7292817679558011
3FTx,PCA,knn_acc,7,0.7348066298342542
3FTx,PCA,knn_acc,8,0.7486187845303868
3FTx,PCA,knn_acc,9,0.7320441988950276
3FTx,PCA,knn_acc,10,0.7154696132596685
3FTx,PCA,knn_acc,11,0.7320441988950276
3FTx,PCA,knn_acc,12,0.7292817679558011
3FTx,PCA,knn_acc,13,0.7209944751381215
3FTx,PCA,knn_acc,14,0.7320441988950276
3FTx,PCA,knn_acc,15,0.7486187845303868
3FTx,PCA,knn_acc,16,0.7569060773480663
3FTx,PCA,knn_acc,17,0.7569060773480663
3FTx,PCA,knn_acc,18,0.7513812154696132
3FTx,PCA,knn_acc,19,0.7320441988950276
3FTx,PCA,knn_acc,20,0.7182320441988951
3FTx,PCA,knn_acc,21,0.7430939226519337
3FTx,PCA,knn_acc,22,0.7375690607734806
3FTx,PCA,knn_acc,23,0.7237569060773481
3FTx,PCA,knn_acc,24,0.7292817679558011
3FTx,PCA,knn_acc,25,0.7569060773480663
3FTx,PCA,knn_acc,26,0.7320441988950276
3FTx,PCA,knn_acc,27,0.7458563535911602
3FTx,PCA,knn_acc,28,0.7320441988950276
3FTx,PCA,knn_acc,29,0.7513812154696132
3FTx,PCA,knn_acc,30,0.7486187845303868
3FTx,PCA,knn_acc,31,0.7569060773480663
3FTx,PCA,knn_acc,32,0.7513812154696132
3FTx,PCA,knn_acc,33,0.7430939226519337
3FTx,PCA,knn_acc,34,0.7403314917127072
3FTx,PCA,knn_acc,35,0.7209944751381215
3FTx,PCA,knn_acc,36,0.7292817679558011
3FTx,PCA,knn_acc,37,0.7320441988950276
3FTx,PCA,knn_acc,38,0.7486187845303868
3FTx,PCA,knn_acc,39,0.7569060773480663
3FTx,PCA,knn_acc,40,0.7154696132596685
3FTx,PCA,knn_acc,41,0.7237569060773481
3FTx,PCA,knn_acc,42,0.7320441988950276
3FTx,PCA,knn_acc,43,0.7486187845303868
3FTx,PCA,knn_acc,44,0.7348066298342542
3FTx,PCA,knn_acc,45,0.7375690607734806
3FTx,PCA,knn_acc,46,0.7237569060773481
3FTx,PCA,knn_acc,47,0.7237569060773481
3FTx,PCA,knn_acc,48,0.7458563535911602
3FTx,PCA,knn_acc,49,0.7513812154696132
3FTx,PCA,silhouette,0,-0.15748002067421077
3FTx,PCA,silhouette,1,-0.14215204601895726
3FTx,PCA,silhouette,2,-0.13948280453703288
3FTx,PCA,silhouette,3,-0.13521358734901665
3FTx,PCA,silhouette,4,-0.14096024552371697
3FTx,PCA,silhouette,5,-0.14055507341030224
3FTx,PCA,silhouette,6,-0.1429017828377123
3FTx,PCA,silhouette,7,-0.16414470104937454
3FTx,PCA,silhouette,8,-0.15229324987653334
3FTx,PCA,silhouette,9,-0.13372736368300459
3FTx,PCA,silhouette,10,-0.13187748442873104
3FTx,PCA,silhouette,11,-0.14230008257221421
3FTx,PCA,silhouette,12,-0.15291416822248818
3FTx,PCA,silhouette,13,-0.12747168562350208
3FTx,PCA,silhouette,14,-0.13286042154495956
3FTx,PCA,silhouette,15,-0.12723706386002873
3FTx,PCA,silhouette,16,-0.13872524646717985
3FTx,PCA,silhouette,17,-0.1400691551154603
3FTx,PCA,silhouette,18,-0.13747358750742109
3FTx,PCA,silhouette,19,-0.14828411735516134
3FTx,PCA,silhouette,20,-0.12873323698478978
3FTx,PCA,silhouette,21,-0.15134801984131857
3FTx,PCA,silhouette,22,-0.13532661527900883
3FTx,PCA,silhouette,23,-0.15049961543156115
3FTx,PCA,silhouette,24,-0.14630810440560119
3FTx,PCA,silhouette,25,-0.1443606425617694
3FTx,PCA,silhouette,26,-0.16166992817846942
3FTx,PCA,silhouette,27,-0.1423442874715364
3FTx,PCA,silhouette,28,-0.1372099682574817
3FTx,PCA,silhouette,29,-0.1283043652293839
3FTx,PCA,silhouette,30,-0.16039017738568323
3FTx,PCA,silhouette,31,-0.14317072487747795
3FTx,PCA,silhouette,32,-0.14661317891606798
3FTx,PCA,silhouette,33,-0.12404560389068152
3FTx,PCA,silhouette,34,-0.13836252174814165
3FTx,PCA,silhouette,35,-0.131131909137095
3FTx,PCA,silhouette,36,-0.1494375616998438
3FTx,PCA,silhouette,37,-0.1476700902829887
3FTx,PCA,silhouette,38,-0.15399831581486978
3FTx,PCA,silhouette,39,-0.13411056780498812
3FTx,PCA,silhouette,40,-0.1512004796452102
3FTx,PCA,silhouette,41,-0.1277058259438511
3FTx,PCA,silhouette,42,-0.15575129609767566
3FTx,PCA,silhouette,43,-0.16320519486065224
3FTx,PCA,silhouette,44,-0.13923586383924857
3FTx,PCA,silhouette,45,-0.122676335601242
3FTx,PCA,silhouette,46,-0.12604455122493916
3FTx,PCA,silhouette,47,-0.14055369778520221
3FTx,PCA,silhouette,48,-0.1431687333001915
3FTx,PCA,silhouette,49,-0.13441129951287897
3FTx,UMAP,trust_k15,0,0.9773160144939346
3FTx,UMAP,trust_k15,1,0.9764679998044297
3FTx,UMAP,trust_k15,2,0.9737175203854909
3FTx,UMAP,trust_k15,3,0.9757313515539693
3FTx,UMAP,trust_k15,4,0.9740619414701457
3FTx,UMAP,trust_k15,5,0.9798893941122465
3FTx,UMAP,trust_k15,6,0.9754771101223945
3FTx,UMAP,trust_k15,7,0.9757101647680047
3FTx,UMAP,trust_k15,8,0.976188768830435
3FTx,UMAP,trust_k15,9,0.9774855087816512
3FTx,UMAP,trust_k15,10,0.9756471476610331
3FTx,UMAP,trust_k15,11,0.9790022653563455
3FTx,UMAP,trust_k15,12,0.9776718438479549
3FTx,UMAP,trust_k15,13,0.9808819135470482
3FTx,UMAP,trust_k15,14,0.9768059018780184
3FTx,UMAP,trust_k15,15,0.9740527062044688
3FTx,UMAP,trust_k15,16,0.9765646984685756
3FTx,UMAP,trust_k15,17,0.9764506157749203
3FTx,UMAP,trust_k15,18,0.9774442217115663
3FTx,UMAP,trust_k15,19,0.9761235787197748
3FTx,UMAP,trust_k15,20,0.9740836715070323
3FTx,UMAP,trust_k15,21,0.9766407535976792
3FTx,UMAP,trust_k15,22,0.9791000505223357
3FTx,UMAP,trust_k15,23,0.9795281322490045
3FTx,UMAP,trust_k15,24,0.9774442217115663
3FTx,UMAP,trust_k15,25,0.9817125442070438
3FTx,UMAP,trust_k15,26,0.9786198167071388
3FTx,UMAP,trust_k15,27,0.9761654090407819
3FTx,UMAP,trust_k15,28,0.9791391645887318
3FTx,UMAP,trust_k15,29,0.9794455581088349
3FTx,UMAP,trust_k15,30,0.976968877154669
3FTx,UMAP,trust_k15,31,0.9768765244979003
3FTx,UMAP,trust_k15,32,0.9772861356932153
3FTx,UMAP,trust_k15,33,0.9773534988075643
3FTx,UMAP,trust_k15,34,0.9783373262276113
3FTx,UMAP,trust_k15,35,0.9739130907174715
3FTx,UMAP,trust_k15,36,0.9786165572016059
3FTx,UMAP,trust_k15,37,0.9758601020225232
3FTx,UMAP,trust_k15,38,0.9746443064587103
3FTx,UMAP,trust_k15,39,0.978736615655405
3FTx,UMAP,trust_k15,40,0.9778081998294192
3FTx,UMAP,trust_k15,41,0.9792831260831065
3FTx,UMAP,trust_k15,42,0.9767901476012756
3FTx,UMAP,trust_k15,43,0.9748578040711224
3FTx,UMAP,trust_k15,44,0.9752744775284256
3FTx,UMAP,trust_k15,45,0.9779385800507396
3FTx,UMAP,trust_k15,46,0.9765902312619176
3FTx,UMAP,trust_k15,47,0.9761952878415011
3FTx,UMAP,trust_k15,48,0.9766249993209364
3FTx,UMAP,trust_k15,49,0.9805771497797118
3FTx,UMAP,knn_acc,0,0.9171270718232044
3FTx,UMAP,knn_acc,1,0.9005524861878453
3FTx,UMAP,knn_acc,2,0.9088397790055248
3FTx,UMAP,knn_acc,3,0.9033149171270718
3FTx,UMAP,knn_acc,4,0.9033149171270718
3FTx,UMAP,knn_acc,5,0.9088397790055248
3FTx,UMAP,knn_acc,6,0.8895027624309392
3FTx,UMAP,knn_acc,7,0.919889502762431
3FTx,UMAP,knn_acc,8,0.9116022099447514
3FTx,UMAP,knn_acc,9,0.914364640883978
3FTx,UMAP,knn_acc,10,0.8950276243093923
3FTx,UMAP,knn_acc,11,0.8977900552486188
3FTx,UMAP,knn_acc,12,0.9226519337016574
3FTx,UMAP,knn_acc,13,0.9005524861878453
3FTx,UMAP,knn_acc,14,0.9088397790055248
3FTx,UMAP,knn_acc,15,0.914364640883978
3FTx,UMAP,knn_acc,16,0.9060773480662984
3FTx,UMAP,knn_acc,17,0.9088397790055248
3FTx,UMAP,knn_acc,18,0.8922651933701657
3FTx,UMAP,knn_acc,19,0.9060773480662984
3FTx,UMAP,knn_acc,20,0.9005524861878453
3FTx,UMAP,knn_acc,21,0.9060773480662984
3FTx,UMAP,knn_acc,22,0.914364640883978
3FTx,UMAP,knn_acc,23,0.9033149171270718
3FTx,UMAP,knn_acc,24,0.914364640883978
3FTx,UMAP,knn_acc,25,0.9060773480662984
3FTx,UMAP,knn_acc,26,0.9116022099447514
3FTx,UMAP,knn_acc,27,0.9060773480662984
3FTx,UMAP,knn_acc,28,0.8867403314917127
3FTx,UMAP,knn_acc,29,0.9060773480662984
3FTx,UMAP,knn_acc,30,0.9116022099447514
3FTx,UMAP,knn_acc,31,0.8977900552486188
3FTx,UMAP,knn_acc,32,0.8977900552486188
3FTx,UMAP,knn_acc,33,0.9088397790055248
3FTx,UMAP,knn_acc,34,0.914364640883978
3FTx,UMAP,knn_acc,35,0.8950276243093923
3FTx,UMAP,knn_acc,36,0.9060773480662984
3FTx,UMAP,knn_acc,37,0.9033149171270718
3FTx,UMAP,knn_acc,38,0.8922651933701657
3FTx,UMAP,knn_acc,39,0.914364640883978
3FTx,UMAP,knn_acc,40,0.919889502762431
3FTx,UMAP,knn_acc,41,0.9033149171270718
3FTx,UMAP,knn_acc,42,0.914364640883978
3FTx,UMAP,knn_acc,43,0.914364640883978
3FTx,UMAP,knn_acc,44,0.8950276243093923
3FTx,UMAP,knn_acc,45,0.8950276243093923
3FTx,UMAP,knn_acc,46,0.9116022099447514
3FTx,UMAP,knn_acc,47,0.9088397790055248
3FTx,UMAP,knn_acc,48,0.9033149171270718
3FTx,UMAP,knn_acc,49,0.8950276243093923
3FTx,UMAP,silhouette,0,-0.0891554206609726
3FTx,UMAP,silhouette,1,0.010751190595328808
3FTx,UMAP,silhouette,2,-0.0961076021194458
3FTx,UMAP,silhouette,3,0.02103111892938614
3FTx,UMAP,silhouette,4,-0.004972404334694147
3FTx,UMAP,silhouette,5,-0.06430615484714508
3FTx,UMAP,silhouette,6,-0.06603297591209412
3FTx,UMAP,silhouette,7,-0.0697161927819252
3FTx,UMAP,silhouette,8,-0.05527496337890625
3FTx,UMAP,silhouette,9,-0.021830203011631966
3FTx,UMAP,silhouette,10,-0.018062133342027664
3FTx,UMAP,silhouette,11,-0.030617324635386467
3FTx,UMAP,silhouette,12,-0.0017352659488096833
3FTx,UMAP,silhouette,13,-0.10556171834468842
3FTx,UMAP,silhouette,14,0.015741854906082153
3FTx,UMAP,silhouette,15,0.02588661015033722
3FTx,UMAP,silhouette,16,0.04931953176856041
3FTx,UMAP,silhouette,17,-0.06794720888137817
3FTx,UMAP,silhouette,18,0.007425110787153244
3FTx,UMAP,silhouette,19,-0.06590492278337479
3FTx,UMAP,silhouette,20,-0.010932790115475655
3FTx,UMAP,silhouette,21,0.027421774342656136
3FTx,UMAP,silhouette,22,-0.028415774926543236
3FTx,UMAP,silhouette,23,0.0052233170717954636
3FTx,UMAP,silhouette,24,-0.00271228002384305
3FTx,UMAP,silhouette,25,0.009960654191672802
3FTx,UMAP,silhouette,26,-0.1275710016489029
3FTx,UMAP,silhouette,27,0.029168518260121346
3FTx,UMAP,silhouette,28,-0.052437786012887955
3FTx,UMAP,silhouette,29,0.06208982691168785
3FTx,UMAP,silhouette,30,-0.07049238681793213
3FTx,UMAP,silhouette,31,-0.02795625664293766
3FTx,UMAP,silhouette,32,-0.04649580642580986
3FTx,UMAP,silhouette,33,-0.05397849157452583
3FTx,UMAP,silhouette,34,-0.024194233119487762
3FTx,UMAP,silhouette,35,0.006787023041397333
3FTx,UMAP,silhouette,36,0.061993252485990524
3FTx,UMAP,silhouette,37,-0.0761144608259201
3FTx,UMAP,silhouette,38,-0.11563239246606827
3FTx,UMAP,silhouette,39,0.01402723416686058
3FTx,UMAP,silhouette,40,-0.022610653191804886
3FTx,UMAP,silhouette,41,0.05175665766000748
3FTx,UMAP,silhouette,42,-0.05025266110897064
3FTx,UMAP,silhouette,43,-0.01253480650484562
3FTx,UMAP,silhouette,44,-0.057613834738731384
3FTx,UMAP,silhouette,45,-0.0006581716006621718
3FTx,UMAP,silhouette,46,-0.07101273536682129
3FTx,UMAP,silhouette,47,-0.08577437698841095
3FTx,UMAP,silhouette,48,0.0038749375380575657
3FTx,UMAP,silhouette,49,0.01126114185899496
3FTx,ρPCA,trust_k15,0,0.936441271859059
3FTx,ρPCA,trust_k15,1,0.9369617062424963
3FTx,ρPCA,trust_k15,2,0.9361582381286092
3FTx,ρPCA,trust_k15,3,0.9324847753929062
3FTx,ρPCA,trust_k15,4,0.9351668051956519
3FTx,ρPCA,trust_k15,5,0.9362962238628401
3FTx,ρPCA,trust_k15,6,0.9388527627025647
3FTx,ρPCA,trust_k15,7,0.9343312852773568
3FTx,ρPCA,trust_k15,8,0.9362522205381444
3FTx,ρPCA,trust_k15,9,0.9395741999272044
3FTx,ρPCA,trust_k15,10,0.9353748702988424
3FTx,ρPCA,trust_k15,11,0.93682480701011
3FTx,ρPCA,trust_k15,12,0.9359974358556473
3FTx,ρPCA,trust_k15,13,0.9398545174030433
3FTx,ρPCA,trust_k15,14,0.9394188301634642
3FTx,ρPCA,trust_k15,15,0.9332632539643736
3FTx,ρPCA,trust_k15,16,0.9352309088044677
3FTx,ρPCA,trust_k15,17,0.9364912509438985
3FTx,ρPCA,trust_k15,18,0.935228735800779
3FTx,ρPCA,trust_k15,19,0.9348039135796433
3FTx,ρPCA,trust_k15,20,0.940666134280763
3FTx,ρPCA,trust_k15,21,0.9362630855565878
3FTx,ρPCA,trust_k15,22,0.9326694807064435
3FTx,ρPCA,trust_k15,23,0.9343584478234652
3FTx,ρPCA,trust_k15,24,0.9369823497775387
3FTx,ρPCA,trust_k15,25,0.9376690189431597
3FTx,ρPCA,trust_k15,26,0.9360213388962227
3FTx,ρPCA,trust_k15,27,0.9368736995931051
3FTx,ρPCA,trust_k15,28,0.9386224243115653
3FTx,ρPCA,trust_k15,29,0.933383855669095
3FTx,ρPCA,trust_k15,30,0.9341590747350293
3FTx,ρPCA,trust_k15,31,0.9392265193370166
3FTx,ρPCA,trust_k15,32,0.9390744090788095
3FTx,ρPCA,trust_k15,33,0.9375288602052402
3FTx,ρPCA,trust_k15,34,0.9378716515371285
3FTx,ρPCA,trust_k15,35,0.9376174101055537
3FTx,ρPCA,trust_k15,36,0.9397350022001663
3FTx,ρPCA,trust_k15,37,0.9378770840463502
3FTx,ρPCA,trust_k15,38,0.9384969333485443
3FTx,ρPCA,trust_k15,39,0.9371529305670996
3FTx,ρPCA,trust_k15,40,0.9361538921212319
3FTx,ρPCA,trust_k15,41,0.9338293214252731
3FTx,ρPCA,trust_k15,42,0.9361739924053522
3FTx,ρPCA,trust_k15,43,0.9315862383676397
3FTx,ρPCA,trust_k15,44,0.937215404423149
3FTx,ρPCA,trust_k15,45,0.9375163654340304
3FTx,ρPCA,trust_k15,46,0.935557945859613
3FTx,ρPCA,trust_k15,47,0.9379553121791424
3FTx,ρPCA,trust_k15,48,0.9351347533912439
3FTx,ρPCA,trust_k15,49,0.9423561878996289
3FTx,ρPCA,knn_acc,0,0.7265193370165746
3FTx,ρPCA,knn_acc,1,0.7265193370165746
3FTx,ρPCA,knn_acc,2,0.7430939226519337
3FTx,ρPCA,knn_acc,3,0.7071823204419889
3FTx,ρPCA,knn_acc,4,0.7071823204419889
3FTx,ρPCA,knn_acc,5,0.7182320441988951
3FTx,ρPCA,knn_acc,6,0.7320441988950276
3FTx,ρPCA,knn_acc,7,0.7403314917127072
3FTx,ρPCA,knn_acc,8,0.7265193370165746
3FTx,ρPCA,knn_acc,9,0.7154696132596685
3FTx,ρPCA,knn_acc,10,0.7182320441988951
3FTx,ρPCA,knn_acc,11,0.7182320441988951
3FTx,ρPCA,knn_acc,12,0.7265193370165746
3FTx,ρPCA,knn_acc,13,0.7513812154696132
3FTx,ρPCA,knn_acc,14,0.7265193370165746
3FTx,ρPCA,knn_acc,15,0.7430939226519337
3FTx,ρPCA,knn_acc,16,0.7458563535911602
3FTx,ρPCA,knn_acc,17,0.7265193370165746
3FTx,ρPCA,knn_acc,18,0.7458563535911602
3FTx,ρPCA,knn_acc,19,0.7154696132596685
3FTx,ρPCA,knn_acc,20,0.7430939226519337
3FTx,ρPCA,knn_acc,21,0.7458563535911602
3FTx,ρPCA,knn_acc,22,0.7209944751381215
3FTx,ρPCA,knn_acc,23,0.7265193370165746
3FTx,ρPCA,knn_acc,24,0.7182320441988951
3FTx,ρPCA,knn_acc,25,0.7209944751381215
3FTx,ρPCA,knn_acc,26,0.7569060773480663
3FTx,ρPCA,knn_acc,27,0.7430939226519337
3FTx,ρPCA,knn_acc,28,0.6878453038674033
3FTx,ρPCA,knn_acc,29,0.7237569060773481
3FTx,ρPCA,knn_acc,30,0.7320441988950276
3FTx,ρPCA,knn_acc,31,0.7624309392265194
3FTx,ρPCA,knn_acc,32,0.712707182320442
3FTx,ρPCA,knn_acc,33,0.7430939226519337
3FTx,ρPCA,knn_acc,34,0.7265193370165746
3FTx,ρPCA,knn_acc,35,0.7458563535911602
3FTx,ρPCA,knn_acc,36,0.7348066298342542
3FTx,ρPCA,knn_acc,37,0.7320441988950276
3FTx,ρPCA,knn_acc,38,0.7569060773480663
3FTx,ρPCA,knn_acc,39,0.7099447513812155
3FTx,ρPCA,knn_acc,40,0.7265193370165746
3FTx,ρPCA,knn_acc,41,0.7292817679558011
3FTx,ρPCA,knn_acc,42,0.7292817679558011
3FTx,ρPCA,knn_acc,43,0.7292817679558011
3FTx,ρPCA,knn_acc,44,0.7375690607734806
3FTx,ρPCA,knn_acc,45,0.7016574585635359
3FTx,ρPCA,knn_acc,46,0.7458563535911602
3FTx,ρPCA,knn_acc,47,0.7265193370165746
3FTx,ρPCA,knn_acc,48,0.7182320441988951
3FTx,ρPCA,knn_acc,49,0.7541436464088398
3FTx,ρPCA,silhouette,0,-0.14644406180201455
3FTx,ρPCA,silhouette,1,-0.13121625816487453
3FTx,ρPCA,silhouette,2,-0.1321984732561901
3FTx,ρPCA,silhouette,3,-0.12543896098507673
3FTx,ρPCA,silhouette,4,-0.13281629842852782
3FTx,ρPCA,silhouette,5,-0.13088305939253378
3FTx,ρPCA,silhouette,6,-0.13637127065194085
3FTx,ρPCA,silhouette,7,-0.15506277042787583
3FTx,ρPCA,silhouette,8,-0.1453494638870321
3FTx,ρPCA,silhouette,9,-0.11698204925320767
3FTx,ρPCA,silhouette,10,-0.1202599661001471
3FTx,ρPCA,silhouette,11,-0.13095045836602265
3FTx,ρPCA,silhouette,12,-0.1385265858858661
3FTx,ρPCA,silhouette,13,-0.11665744190853458
3FTx,ρPCA,silhouette,14,-0.12155855757889897
3FTx,ρPCA,silhouette,15,-0.11878199840150597
3FTx,ρPCA,silhouette,16,-0.13336546546710554
3FTx,ρPCA,silhouette,17,-0.12883371345178588
3FTx,ρPCA,silhouette,18,-0.1210954562033742
3FTx,ρPCA,silhouette,19,-0.13677123157694399
3FTx,ρPCA,silhouette,20,-0.11448275637350772
3FTx,ρPCA,silhouette,21,-0.1463224241766631
3FTx,ρPCA,silhouette,22,-0.12661445058374485
3FTx,ρPCA,silhouette,23,-0.13985276674581246
3FTx,ρPCA,silhouette,24,-0.1378366566170815
3FTx,ρPCA,silhouette,25,-0.13687988852076816
3FTx,ρPCA,silhouette,26,-0.150441644964692
3FTx,ρPCA,silhouette,27,-0.13075691926009522
3FTx,ρPCA,silhouette,28,-0.11831548779674235
3FTx,ρPCA,silhouette,29,-0.12166445462193118
3FTx,ρPCA,silhouette,30,-0.15455430919507296
3FTx,ρPCA,silhouette,31,-0.13553280115196567
3FTx,ρPCA,silhouette,32,-0.1347307677570397
3FTx,ρPCA,silhouette,33,-0.11632169109190438
3FTx,ρPCA,silhouette,34,-0.12336894000818964
3FTx,ρPCA,silhouette,35,-0.11755563512515682
3FTx,ρPCA,silhouette,36,-0.13666434228306076
3FTx,ρPCA,silhouette,37,-0.14178223055640238
3FTx,ρPCA,silhouette,38,-0.14441787486516186
3FTx,ρPCA,silhouette,39,-0.12274977180709883
3FTx,ρPCA,silhouette,40,-0.134156770530259
3FTx,ρPCA,silhouette,41,-0.12298699050406238
3FTx,ρPCA,silhouette,42,-0.14638639502402115
3FTx,ρPCA,silhouette,43,-0.14977649840580362
3FTx,ρPCA,silhouette,44,-0.13197602082602522
3FTx,ρPCA,silhouette,45,-0.10872277554182841
3FTx,ρPCA,silhouette,46,-0.1190175878278512
3FTx,ρPCA,silhouette,47,-0.13038957396610992
3FTx,ρPCA,silhouette,48,-0.12643811957229517
3FTx,ρPCA,silhouette,49,-0.12445599773574442
SwissProt EC,PCA,trust_k15,0,0.7691688770999116
SwissProt EC,PCA,trust_k15,1,0.7745503978779841
SwissProt EC,PCA,trust_k15,2,0.7691821396993811
SwissProt EC,PCA,trust_k15,3,0.7675592396109637
SwissProt EC,PCA,trust_k15,4,0.7735561450044208
SwissProt EC,PCA,trust_k15,5,0.7727665782493369
SwissProt EC,PCA,trust_k15,6,0.7688452696728558
SwissProt EC,PCA,trust_k15,7,0.7728129973474801
SwissProt EC,PCA,trust_k15,8,0.7775061892130858
SwissProt EC,PCA,trust_k15,9,0.7700150309460654
SwissProt EC,PCA,trust_k15,10,0.7625313881520778
SwissProt EC,PCA,trust_k15,11,0.7662453580901857
SwissProt EC,PCA,trust_k15,12,0.7771432360742705
SwissProt EC,PCA,trust_k15,13,0.7697674624226348
SwissProt EC,PCA,trust_k15,14,0.7686635720601238
SwissProt EC,PCA,trust_k15,15,0.7773881520778072
SwissProt EC,PCA,trust_k15,16,0.7595994694960212
SwissProt EC,PCA,trust_k15,17,0.7676180371352785
SwissProt EC,PCA,trust_k15,18,0.7715716180371353
SwissProt EC,PCA,trust_k15,19,0.7627427055702918
SwissProt EC,PCA,trust_k15,20,0.7695822281167108
SwissProt EC,PCA,trust_k15,21,0.7625667550839965
SwissProt EC,PCA,trust_k15,22,0.7684889478337754
SwissProt EC,PCA,trust_k15,23,0.7661003536693192
SwissProt EC,PCA,trust_k15,24,0.7674929266136162
SwissProt EC,PCA,trust_k15,25,0.767078691423519
SwissProt EC,PCA,trust_k15,26,0.7706542882404951
SwissProt EC,PCA,trust_k15,27,0.7670548187444739
SwissProt EC,PCA,trust_k15,28,0.7707166224580018
SwissProt EC,PCA,trust_k15,29,0.7691684350132626
SwissProt EC,PCA,trust_k15,30,0.7765486295313881
SwissProt EC,PCA,trust_k15,31,0.771578691423519
SwissProt EC,PCA,trust_k15,32,0.7661896551724138
SwissProt EC,PCA,trust_k15,33,0.7727444739168877
SwissProt EC,PCA,trust_k15,34,0.7678337754199823
SwissProt EC,PCA,trust_k15,35,0.7724977895667551
SwissProt EC,PCA,trust_k15,36,0.7694014146772767
SwissProt EC,PCA,trust_k15,37,0.772551724137931
SwissProt EC,PCA,trust_k15,38,0.7735419982316534
SwissProt EC,PCA,trust_k15,39,0.7735455349248452
SwissProt EC,PCA,trust_k15,40,0.7678054818744474
SwissProt EC,PCA,trust_k15,41,0.7702267904509283
SwissProt EC,PCA,trust_k15,42,0.7703351016799292
SwissProt EC,PCA,trust_k15,43,0.7747404951370469
SwissProt EC,PCA,trust_k15,44,0.7671755083996463
SwissProt EC,PCA,trust_k15,45,0.7740848806366047
SwissProt EC,PCA,trust_k15,46,0.7682316534040672
SwissProt EC,PCA,trust_k15,47,0.7747042440318302
SwissProt EC,PCA,trust_k15,48,0.7749827586206897
SwissProt EC,PCA,trust_k15,49,0.7723483642793988
SwissProt EC,PCA,knn_acc,0,0.4675
SwissProt EC,PCA,knn_acc,1,0.43
SwissProt EC,PCA,knn_acc,2,0.4575
SwissProt EC,PCA,knn_acc,3,0.4375
SwissProt EC,PCA,knn_acc,4,0.4225
SwissProt EC,PCA,knn_acc,5,0.405
SwissProt EC,PCA,knn_acc,6,0.4475
SwissProt EC,PCA,knn_acc,7,0.3625
SwissProt EC,PCA,knn_acc,8,0.48
SwissProt EC,PCA,knn_acc,9,0.41
SwissProt EC,PCA,knn_acc,10,0.4525
SwissProt EC,PCA,knn_acc,11,0.4375
SwissProt EC,PCA,knn_acc,12,0.4025
SwissProt EC,PCA,knn_acc,13,0.445
SwissProt EC,PCA,knn_acc,14,0.41
SwissProt EC,PCA,knn_acc,15,0.4225
SwissProt EC,PCA,knn_acc,16,0.39
SwissProt EC,PCA,knn_acc,17,0.4025
SwissProt EC,PCA,knn_acc,18,0.4225
SwissProt EC,PCA,knn_acc,19,0.4
SwissProt EC,PCA,knn_acc,20,0.44
SwissProt EC,PCA,knn_acc,21,0.44
SwissProt EC,PCA,knn_acc,22,0.4425
SwissProt EC,PCA,knn_acc,23,0.4075
SwissProt EC,PCA,knn_acc,24,0.4225
SwissProt EC,PCA,knn_acc,25,0.4475
SwissProt EC,PCA,knn_acc,26,0.385
SwissProt EC,PCA,knn_acc,27,0.425
SwissProt EC,PCA,knn_acc,28,0.4425
SwissProt EC,PCA,knn_acc,29,0.405
SwissProt EC,PCA,knn_acc,30,0.4475
SwissProt EC,PCA,knn_acc,31,0.45
SwissProt EC,PCA,knn_acc,32,0.45
SwissProt EC,PCA,knn_acc,33,0.465
SwissProt EC,PCA,knn_acc,34,0.4625
SwissProt EC,PCA,knn_acc,35,0.47
SwissProt EC,PCA,knn_acc,36,0.4925
SwissProt EC,PCA,knn_acc,37,0.395
SwissProt EC,PCA,knn_acc,38,0.4225
SwissProt EC,PCA,knn_acc,39,0.445
SwissProt EC,PCA,knn_acc,40,0.445
SwissProt EC,PCA,knn_acc,41,0.3625
SwissProt EC,PCA,knn_acc,42,0.4225
SwissProt EC,PCA,knn_acc,43,0.4175
SwissProt EC,PCA,knn_acc,44,0.435
SwissProt EC,PCA,knn_acc,45,0.4325
SwissProt EC,PCA,knn_acc,46,0.46
SwissProt EC,PCA,knn_acc,47,0.435
SwissProt EC,PCA,knn_acc,48,0.4575
SwissProt EC,PCA,knn_acc,49,0.455
SwissProt EC,PCA,silhouette,0,-0.16645247310815972
SwissProt EC,PCA,silhouette,1,-0.15802691388011966
SwissProt EC,PCA,silhouette,2,-0.14807009851047914
SwissProt EC,PCA,silhouette,3,-0.14322135943918435
SwissProt EC,PCA,silhouette,4,-0.20687108559753498
SwissProt EC,PCA,silhouette,5,-0.1642050313571925
SwissProt EC,PCA,silhouette,6,-0.17131224543015341
SwissProt EC,PCA,silhouette,7,-0.15282687403117634
SwissProt EC,PCA,silhouette,8,-0.1563456272910173
SwissProt EC,PCA,silhouette,9,-0.187800578287956
SwissProt EC,PCA,silhouette,10,-0.1730207177365832
SwissProt EC,PCA,silhouette,11,-0.1391362806174697
SwissProt EC,PCA,silhouette,12,-0.16052497156106482
SwissProt EC,PCA,silhouette,13,-0.21134725673020888
SwissProt EC,PCA,silhouette,14,-0.16776373408296805
SwissProt EC,PCA,silhouette,15,-0.16157559105804353
SwissProt EC,PCA,silhouette,16,-0.16858248235877338
SwissProt EC,PCA,silhouette,17,-0.15806102725664378
SwissProt EC,PCA,silhouette,18,-0.14379973430174714
SwissProt EC,PCA,silhouette,19,-0.15266028901334644
SwissProt EC,PCA,silhouette,20,-0.22861978192597163
SwissProt EC,PCA,silhouette,21,-0.14964638324734364
SwissProt EC,PCA,silhouette,22,-0.16059629371216574
SwissProt EC,PCA,silhouette,23,-0.16535145785700664
SwissProt EC,PCA,silhouette,24,-0.14794557064808156
SwissProt EC,PCA,silhouette,25,-0.21796219546606554
SwissProt EC,PCA,silhouette,26,-0.198644988698483
SwissProt EC,PCA,silhouette,27,-0.2121801160063163
SwissProt EC,PCA,silhouette,28,-0.15334360905888128
SwissProt EC,PCA,silhouette,29,-0.1533953518977745
SwissProt EC,PCA,silhouette,30,-0.14571036719255026
SwissProt EC,PCA,silhouette,31,-0.14973914071835706
SwissProt EC,PCA,silhouette,32,-0.2133827102544015
SwissProt EC,PCA,silhouette,33,-0.147137224573338
SwissProt EC,PCA,silhouette,34,-0.16064336970016388
SwissProt EC,PCA,silhouette,35,-0.19487118232702777
SwissProt EC,PCA,silhouette,36,-0.14333945509572346
SwissProt EC,PCA,silhouette,37,-0.14842881938784128
SwissProt EC,PCA,silhouette,38,-0.14364608405760923
SwissProt EC,PCA,silhouette,39,-0.15863383892035754
SwissProt EC,PCA,silhouette,40,-0.14016211809241635
SwissProt EC,PCA,silhouette,41,-0.14629984119806408
SwissProt EC,PCA,silhouette,42,-0.14950859774758837
SwissProt EC,PCA,silhouette,43,-0.15051813615978477
SwissProt EC,PCA,silhouette,44,-0.16733519650093243
SwissProt EC,PCA,silhouette,45,-0.1848524507602599
SwissProt EC,PCA,silhouette,46,-0.2294589513791563
SwissProt EC,PCA,silhouette,47,-0.14492647563654348
SwissProt EC,PCA,silhouette,48,-0.131991137889292
SwissProt EC,PCA,silhouette,49,-0.15459405612491725
SwissProt EC,UMAP,trust_k15,0,0.857471706454465
SwissProt EC,UMAP,trust_k15,1,0.8605044208664898
SwissProt EC,UMAP,trust_k15,2,0.869077365163572
SwissProt EC,UMAP,trust_k15,3,0.8643793103448276
SwissProt EC,UMAP,trust_k15,4,0.8393320070733864
SwissProt EC,UMAP,trust_k15,5,0.8600844385499558
SwissProt EC,UMAP,trust_k15,6,0.8581485411140584
SwissProt EC,UMAP,trust_k15,7,0.8666874447391688
SwissProt EC,UMAP,trust_k15,8,0.862419982316534
SwissProt EC,UMAP,trust_k15,9,0.8574575596816976
SwissProt EC,UMAP,trust_k15,10,0.8522515473032715
SwissProt EC,UMAP,trust_k15,11,0.8562979664014146
SwissProt EC,UMAP,trust_k15,12,0.8536684350132626
SwissProt EC,UMAP,trust_k15,13,0.8457347480106101
SwissProt EC,UMAP,trust_k15,14,0.8530733863837312
SwissProt EC,UMAP,trust_k15,15,0.8530601237842617
SwissProt EC,UMAP,trust_k15,16,0.855789124668435
SwissProt EC,UMAP,trust_k15,17,0.8688045977011494
SwissProt EC,UMAP,trust_k15,18,0.8633554376657825
SwissProt EC,UMAP,trust_k15,19,0.8679442970822281
SwissProt EC,UMAP,trust_k15,20,0.8705667550839964
SwissProt EC,UMAP,trust_k15,21,0.8597793987621574
SwissProt EC,UMAP,trust_k15,22,0.8652511052166225
SwissProt EC,UMAP,trust_k15,23,0.8587404951370469
SwissProt EC,UMAP,trust_k15,24,0.8616825817860301
SwissProt EC,UMAP,trust_k15,25,0.8589279398762157
SwissProt EC,UMAP,trust_k15,26,0.8617842617152962
SwissProt EC,UMAP,trust_k15,27,0.860472590627763
SwissProt EC,UMAP,trust_k15,28,0.8566401414677277
SwissProt EC,UMAP,trust_k15,29,0.8606516357206012
SwissProt EC,UMAP,trust_k15,30,0.8682139699381078
SwissProt EC,UMAP,trust_k15,31,0.865210433244916
SwissProt EC,UMAP,trust_k15,32,0.8642312113174182
SwissProt EC,UMAP,trust_k15,33,0.8553443854995579
SwissProt EC,UMAP,trust_k15,34,0.8599920424403182
SwissProt EC,UMAP,trust_k15,35,0.8630694076038904
SwissProt EC,UMAP,trust_k15,36,0.8589257294429709
SwissProt EC,UMAP,trust_k15,37,0.8601945181255526
SwissProt EC,UMAP,trust_k15,38,0.8631016799292661
SwissProt EC,UMAP,trust_k15,39,0.8570477453580901
SwissProt EC,UMAP,trust_k15,40,0.8597833775419983
SwissProt EC,UMAP,trust_k15,41,0.8659496021220159
SwissProt EC,UMAP,trust_k15,42,0.8499615384615384
SwissProt EC,UMAP,trust_k15,43,0.8705950486295314
SwissProt EC,UMAP,trust_k15,44,0.85865649867374
SwissProt EC,UMAP,trust_k15,45,0.8640358090185676
SwissProt EC,UMAP,trust_k15,46,0.863211759504863
SwissProt EC,UMAP,trust_k15,47,0.8564045092838196
SwissProt EC,UMAP,trust_k15,48,0.8633218390804598
SwissProt EC,UMAP,trust_k15,49,0.8695145888594165
SwissProt EC,UMAP,knn_acc,0,0.6
SwissProt EC,UMAP,knn_acc,1,0.5975
SwissProt EC,UMAP,knn_acc,2,0.5825
SwissProt EC,UMAP,knn_acc,3,0.61
SwissProt EC,UMAP,knn_acc,4,0.5725
SwissProt EC,UMAP,knn_acc,5,0.5925
SwissProt EC,UMAP,knn_acc,6,0.6075
SwissProt EC,UMAP,knn_acc,7,0.5575
SwissProt EC,UMAP,knn_acc,8,0.5975
SwissProt EC,UMAP,knn_acc,9,0.585
SwissProt EC,UMAP,knn_acc,10,0.59
SwissProt EC,UMAP,knn_acc,11,0.605
SwissProt EC,UMAP,knn_acc,12,0.585
SwissProt EC,UMAP,knn_acc,13,0.575
SwissProt EC,UMAP,knn_acc,14,0.6075
SwissProt EC,UMAP,knn_acc,15,0.5575
SwissProt EC,UMAP,knn_acc,16,0.6025
SwissProt EC,UMAP,knn_acc,17,0.5875
SwissProt EC,UMAP,knn_acc,18,0.5625
SwissProt EC,UMAP,knn_acc,19,0.605
SwissProt EC,UMAP,knn_acc,20,0.5925
SwissProt EC,UMAP,knn_acc,21,0.59
SwissProt EC,UMAP,knn_acc,22,0.6175
SwissProt EC,UMAP,knn_acc,23,0.595
SwissProt EC,UMAP,knn_acc,24,0.5625
SwissProt EC,UMAP,knn_acc,25,0.5775
SwissProt EC,UMAP,knn_acc,26,0.6025
SwissProt EC,UMAP,knn_acc,27,0.6025
SwissProt EC,UMAP,knn_acc,28,0.5575
SwissProt EC,UMAP,knn_acc,29,0.5825
SwissProt EC,UMAP,knn_acc,30,0.6225
SwissProt EC,UMAP,knn_acc,31,0.6075
SwissProt EC,UMAP,knn_acc,32,0.615
SwissProt EC,UMAP,knn_acc,33,0.6175
SwissProt EC,UMAP,knn_acc,34,0.58
SwissProt EC,UMAP,knn_acc,35,0.6175
SwissProt EC,UMAP,knn_acc,36,0.5925
SwissProt EC,UMAP,knn_acc,37,0.5975
SwissProt EC,UMAP,knn_acc,38,0.58
SwissProt EC,UMAP,knn_acc,39,0.585
SwissProt EC,UMAP,knn_acc,40,0.6275
SwissProt EC,UMAP,knn_acc,41,0.58
SwissProt EC,UMAP,knn_acc,42,0.57
SwissProt EC,UMAP,knn_acc,43,0.5775
SwissProt EC,UMAP,knn_acc,44,0.5975
SwissProt EC,UMAP,knn_acc,45,0.61
SwissProt EC,UMAP,knn_acc,46,0.585
SwissProt EC,UMAP,knn_acc,47,0.57
SwissProt EC,UMAP,knn_acc,48,0.61
SwissProt EC,UMAP,knn_acc,49,0.5875
SwissProt EC,UMAP,silhouette,0,-0.18999050557613373
SwissProt EC,UMAP,silhouette,1,-0.19764629006385803
SwissProt EC,UMAP,silhouette,2,-0.1821173131465912
SwissProt EC,UMAP,silhouette,3,-0.17333346605300903
SwissProt EC,UMAP,silhouette,4,-0.21561682224273682
SwissProt EC,UMAP,silhouette,5,-0.19051246345043182
SwissProt EC,UMAP,silhouette,6,-0.215800940990448
SwissProt EC,UMAP,silhouette,7,-0.16798675060272217
SwissProt EC,UMAP,silhouette,8,-0.1495082676410675
SwissProt EC,UMAP,silhouette,9,-0.1811489462852478
SwissProt EC,UMAP,silhouette,10,-0.19886280596256256
SwissProt EC,UMAP,silhouette,11,-0.16034425795078278
SwissProt EC,UMAP,silhouette,12,-0.16004881262779236
SwissProt EC,UMAP,silhouette,13,-0.22789166867733002
SwissProt EC,UMAP,silhouette,14,-0.1663072258234024
SwissProt EC,UMAP,silhouette,15,-0.18062156438827515
SwissProt EC,UMAP,silhouette,16,-0.19260193407535553
SwissProt EC,UMAP,silhouette,17,-0.17332294583320618
SwissProt EC,UMAP,silhouette,18,-0.14125192165374756
SwissProt EC,UMAP,silhouette,19,-0.15661686658859253
SwissProt EC,UMAP,silhouette,20,-0.2104770988225937
SwissProt EC,UMAP,silhouette,21,-0.14460712671279907
SwissProt EC,UMAP,silhouette,22,-0.20380784571170807
SwissProt EC,UMAP,silhouette,23,-0.22400635480880737
SwissProt EC,UMAP,silhouette,24,-0.2016587108373642
SwissProt EC,UMAP,silhouette,25,-0.21266090869903564
SwissProt EC,UMAP,silhouette,26,-0.17697632312774658
SwissProt EC,UMAP,silhouette,27,-0.19836777448654175
SwissProt EC,UMAP,silhouette,28,-0.1836986094713211
SwissProt EC,UMAP,silhouette,29,-0.1658564805984497
SwissProt EC,UMAP,silhouette,30,-0.14810653030872345
SwissProt EC,UMAP,silhouette,31,-0.16296912729740143
SwissProt EC,UMAP,silhouette,32,-0.1842135637998581
SwissProt EC,UMAP,silhouette,33,-0.16497407853603363
SwissProt EC,UMAP,silhouette,34,-0.1773824244737625
SwissProt EC,UMAP,silhouette,35,-0.1913468986749649
SwissProt EC,UMAP,silhouette,36,-0.17625051736831665
SwissProt EC,UMAP,silhouette,37,-0.19953075051307678
SwissProt EC,UMAP,silhouette,38,-0.15161632001399994
SwissProt EC,UMAP,silhouette,39,-0.2021128535270691
SwissProt EC,UMAP,silhouette,40,-0.17301565408706665
SwissProt EC,UMAP,silhouette,41,-0.14280620217323303
SwissProt EC,UMAP,silhouette,42,-0.1958480328321457
SwissProt EC,UMAP,silhouette,43,-0.17654407024383545
SwissProt EC,UMAP,silhouette,44,-0.2110268473625183
SwissProt EC,UMAP,silhouette,45,-0.19213588535785675
SwissProt EC,UMAP,silhouette,46,-0.16145797073841095
SwissProt EC,UMAP,silhouette,47,-0.15152209997177124
SwissProt EC,UMAP,silhouette,48,-0.16087952256202698
SwissProt EC,UMAP,silhouette,49,-0.20831657946109772
SwissProt EC,ρPCA,trust_k15,0,0.6634305923961097
SwissProt EC,ρPCA,trust_k15,1,0.6516936339522547
SwissProt EC,ρPCA,trust_k15,2,0.657762157382847
SwissProt EC,ρPCA,trust_k15,3,0.6563850574712644
SwissProt EC,ρPCA,trust_k15,4,0.6665809018567639
SwissProt EC,ρPCA,trust_k15,5,0.6586993810786914
SwissProt EC,ρPCA,trust_k15,6,0.6609385499557914
SwissProt EC,ρPCA,trust_k15,7,0.6659177718832892
SwissProt EC,ρPCA,trust_k15,8,0.6560875331564986
SwissProt EC,ρPCA,trust_k15,9,0.659079575596817
SwissProt EC,ρPCA,trust_k15,10,0.6458474801061007
SwissProt EC,ρPCA,trust_k15,11,0.6559681697612731
SwissProt EC,ρPCA,trust_k15,12,0.6472917771883289
SwissProt EC,ρPCA,trust_k15,13,0.6568417329796641
SwissProt EC,ρPCA,trust_k15,14,0.6464522546419098
SwissProt EC,ρPCA,trust_k15,15,0.6573700265251989
SwissProt EC,ρPCA,trust_k15,16,0.6457466843501326
SwissProt EC,ρPCA,trust_k15,17,0.6556662245800177
SwissProt EC,ρPCA,trust_k15,18,0.654972590627763
SwissProt EC,ρPCA,trust_k15,19,0.6479058355437666
SwissProt EC,ρPCA,trust_k15,20,0.6585393457117594
SwissProt EC,ρPCA,trust_k15,21,0.6539624226348364
SwissProt EC,ρPCA,trust_k15,22,0.6592581786030062
SwissProt EC,ρPCA,trust_k15,23,0.6545928381962864
SwissProt EC,ρPCA,trust_k15,24,0.6522736516357206
SwissProt EC,ρPCA,trust_k15,25,0.6402984084880636
SwissProt EC,ρPCA,trust_k15,26,0.6560990274093722
SwissProt EC,ρPCA,trust_k15,27,0.6471962864721486
SwissProt EC,ρPCA,trust_k15,28,0.6516215738284703
SwissProt EC,ρPCA,trust_k15,29,0.6524053934571176
SwissProt EC,ρPCA,trust_k15,30,0.6505667550839964
SwissProt EC,ρPCA,trust_k15,31,0.6497117595048629
SwissProt EC,ρPCA,trust_k15,32,0.6561697612732096
SwissProt EC,ρPCA,trust_k15,33,0.6537917771883289
SwissProt EC,ρPCA,trust_k15,34,0.6508059239610964
SwissProt EC,ρPCA,trust_k15,35,0.6359328028293545
SwissProt EC,ρPCA,trust_k15,36,0.6510906277630415
SwissProt EC,ρPCA,trust_k15,37,0.6584257294429707
SwissProt EC,ρPCA,trust_k15,38,0.665605216622458
SwissProt EC,ρPCA,trust_k15,39,0.6561622458001768
SwissProt EC,ρPCA,trust_k15,40,0.6565066312997347
SwissProt EC,ρPCA,trust_k15,41,0.6469659593280284
SwissProt EC,ρPCA,trust_k15,42,0.6527599469496022
SwissProt EC,ρPCA,trust_k15,43,0.6697232537577364
SwissProt EC,ρPCA,trust_k15,44,0.6640221043324491
SwissProt EC,ρPCA,trust_k15,45,0.6660464190981432
SwissProt EC,ρPCA,trust_k15,46,0.6601184792219275
SwissProt EC,ρPCA,trust_k15,47,0.665106542882405
SwissProt EC,ρPCA,trust_k15,48,0.6529748010610079
SwissProt EC,ρPCA,trust_k15,49,0.666867816091954
SwissProt EC,ρPCA,knn_acc,0,0.5375
SwissProt EC,ρPCA,knn_acc,1,0.485
SwissProt EC,ρPCA,knn_acc,2,0.495
SwissProt EC,ρPCA,knn_acc,3,0.495
SwissProt EC,ρPCA,knn_acc,4,0.49
SwissProt EC,ρPCA,knn_acc,5,0.4725
SwissProt EC,ρPCA,knn_acc,6,0.4775
SwissProt EC,ρPCA,knn_acc,7,0.4775
SwissProt EC,ρPCA,knn_acc,8,0.54
SwissProt EC,ρPCA,knn_acc,9,0.495
SwissProt EC,ρPCA,knn_acc,10,0.515
SwissProt EC,ρPCA,knn_acc,11,0.4625
SwissProt EC,ρPCA,knn_acc,12,0.49
SwissProt EC,ρPCA,knn_acc,13,0.5375
SwissProt EC,ρPCA,knn_acc,14,0.4575
SwissProt EC,ρPCA,knn_acc,15,0.5325
SwissProt EC,ρPCA,knn_acc,16,0.5225
SwissProt EC,ρPCA,knn_acc,17,0.5175
SwissProt EC,ρPCA,knn_acc,18,0.495
SwissProt EC,ρPCA,knn_acc,19,0.4775
SwissProt EC,ρPCA,knn_acc,20,0.515
SwissProt EC,ρPCA,knn_acc,21,0.505
SwissProt EC,ρPCA,knn_acc,22,0.5075
SwissProt EC,ρPCA,knn_acc,23,0.4675
SwissProt EC,ρPCA,knn_acc,24,0.4875
SwissProt EC,ρPCA,knn_acc,25,0.4925
SwissProt EC,ρPCA,knn_acc,26,0.54
SwissProt EC,ρPCA,knn_acc,27,0.4925
SwissProt EC,ρPCA,knn_acc,28,0.5275
SwissProt EC,ρPCA,knn_acc,29,0.475
SwissProt EC,ρPCA,knn_acc,30,0.53
SwissProt EC,ρPCA,knn_acc,31,0.47
SwissProt EC,ρPCA,knn_acc,32,0.5075
SwissProt EC,ρPCA,knn_acc,33,0.495
SwissProt EC,ρPCA,knn_acc,34,0.505
SwissProt EC,ρPCA,knn_acc,35,0.4775
SwissProt EC,ρPCA,knn_acc,36,0.505
SwissProt EC,ρPCA,knn_acc,37,0.43
SwissProt EC,ρPCA,knn_acc,38,0.49
SwissProt EC,ρPCA,knn_acc,39,0.54
SwissProt EC,ρPCA,knn_acc,40,0.4825
SwissProt EC,ρPCA,knn_acc,41,0.5
SwissProt EC,ρPCA,knn_acc,42,0.4725
SwissProt EC,ρPCA,knn_acc,43,0.5125
SwissProt EC,ρPCA,knn_acc,44,0.4875
SwissProt EC,ρPCA,knn_acc,45,0.5275
SwissProt EC,ρPCA,knn_acc,46,0.52
SwissProt EC,ρPCA,knn_acc,47,0.5325
SwissProt EC,ρPCA,knn_acc,48,0.5225
SwissProt EC,ρPCA,knn_acc,49,0.525
SwissProt EC,ρPCA,silhouette,0,-0.2612407690804972
SwissProt EC,ρPCA,silhouette,1,-0.2592397224309304
SwissProt EC,ρPCA,silhouette,2,-0.3039843297344014
SwissProt EC,ρPCA,silhouette,3,-0.2997839144455701
SwissProt EC,ρPCA,silhouette,4,-0.2521220778313717
SwissProt EC,ρPCA,silhouette,5,-0.2992378623251018
SwissProt EC,ρPCA,silhouette,6,-0.34542311087570426
SwissProt EC,ρPCA,silhouette,7,-0.297713464641026
SwissProt EC,ρPCA,silhouette,8,-0.29990405637825146
SwissProt EC,ρPCA,silhouette,9,-0.23833720309169487
SwissProt EC,ρPCA,silhouette,10,-0.25957157883117477
SwissProt EC,ρPCA,silhouette,11,-0.25782410258182037
SwissProt EC,ρPCA,silhouette,12,-0.3229070851173712
SwissProt EC,ρPCA,silhouette,13,-0.26092550483977833
SwissProt EC,ρPCA,silhouette,14,-0.30086061551631593
SwissProt EC,ρPCA,silhouette,15,-0.2596174050257638
SwissProt EC,ρPCA,silhouette,16,-0.26178633872862833
SwissProt EC,ρPCA,silhouette,17,-0.29238571254678414
SwissProt EC,ρPCA,silhouette,18,-0.28754022839340765
SwissProt EC,ρPCA,silhouette,19,-0.31420085922957885
SwissProt EC,ρPCA,silhouette,20,-0.35400880128917245
SwissProt EC,ρPCA,silhouette,21,-0.2812600995898433
SwissProt EC,ρPCA,silhouette,22,-0.24480589848052972
SwissProt EC,ρPCA,silhouette,23,-0.2635447919393197
SwissProt EC,ρPCA,silhouette,24,-0.3254607273263464
SwissProt EC,ρPCA,silhouette,25,-0.34026916893651993
SwissProt EC,ρPCA,silhouette,26,-0.3112142664073357
SwissProt EC,ρPCA,silhouette,27,-0.3288202019219989
SwissProt EC,ρPCA,silhouette,28,-0.26202637595565376
SwissProt EC,ρPCA,silhouette,29,-0.279861505725372
SwissProt EC,ρPCA,silhouette,30,-0.26465766995116236
SwissProt EC,ρPCA,silhouette,31,-0.2947380325881529
SwissProt EC,ρPCA,silhouette,32,-0.36675491617009437
SwissProt EC,ρPCA,silhouette,33,-0.2292453837372188
SwissProt EC,ρPCA,silhouette,34,-0.29523930699861967
SwissProt EC,ρPCA,silhouette,35,-0.33650991177767464
SwissProt EC,ρPCA,silhouette,36,-0.34808784229853906
SwissProt EC,ρPCA,silhouette,37,-0.23143658718216248
SwissProt EC,ρPCA,silhouette,38,-0.2552309757345036
SwissProt EC,ρPCA,silhouette,39,-0.32319850678853024
SwissProt EC,ρPCA,silhouette,40,-0.2841750742522352
SwissProt EC,ρPCA,silhouette,41,-0.29125802488528024
SwissProt EC,ρPCA,silhouette,42,-0.3174332108392248
SwissProt EC,ρPCA,silhouette,43,-0.25554754014162306
SwissProt EC,ρPCA,silhouette,44,-0.2998165694254128
SwissProt EC,ρPCA,silhouette,45,-0.2819082805998015
SwissProt EC,ρPCA,silhouette,46,-0.2814934306785714
SwissProt EC,ρPCA,silhouette,47,-0.25637444062957143
SwissProt EC,ρPCA,silhouette,48,-0.24986139137395028
SwissProt EC,ρPCA,silhouette,49,-0.2768363567738772
PLA2G2,PCA,trust_k15,0,0.8469868534422857
PLA2G2,PCA,trust_k15,1,0.8488723977875983
PLA2G2,PCA,trust_k15,2,0.8479101698212846
PLA2G2,PCA,trust_k15,3,0.8517418494121571
PLA2G2,PCA,trust_k15,4,0.8451113149337113
PLA2G2,PCA,trust_k15,5,0.850719030545596
PLA2G2,PCA,trust_k15,6,0.8437583034547931
PLA2G2,PCA,trust_k15,7,0.8430006392617916
PLA2G2,PCA,trust_k15,8,0.8570254870896912
PLA2G2,PCA,trust_k15,9,0.8437838739264572
PLA2G2,PCA,trust_k15,10,0.8480319075015982
PLA2G2,PCA,trust_k15,11,0.8488596125517663
PLA2G2,PCA,trust_k15,12,0.8569765696656383
PLA2G2,PCA,trust_k15,13,0.8480880513632952
PLA2G2,PCA,trust_k15,14,0.8474804747213652
PLA2G2,PCA,trust_k15,15,0.8497823730509464
PLA2G2,PCA,trust_k15,16,0.8505055726951833
PLA2G2,PCA,trust_k15,17,0.8594791406098001
PLA2G2,PCA,trust_k15,18,0.8492203785541566
PLA2G2,PCA,trust_k15,19,0.8473453959254009
PLA2G2,PCA,trust_k15,20,0.8473704105172462
PLA2G2,PCA,trust_k15,21,0.8463114594624642
PLA2G2,PCA,trust_k15,22,0.8499880485838962
PLA2G2,PCA,trust_k15,23,0.8377609160899413
PLA2G2,PCA,trust_k15,24,0.8417682537035494
PLA2G2,PCA,trust_k15,25,0.8570093665749465
PLA2G2,PCA,trust_k15,26,0.8480141193473971
PLA2G2,PCA,trust_k15,27,0.8486644987353734
PLA2G2,PCA,trust_k15,28,0.8490575057672531
PLA2G2,PCA,trust_k15,29,0.8581800494733038
PLA2G2,PCA,trust_k15,30,0.8506256427360405
PLA2G2,PCA,trust_k15,31,0.8417904888963006
PLA2G2,PCA,trust_k15,32,0.8526974068206454
PLA2G2,PCA,trust_k15,33,0.8451285472080936
PLA2G2,PCA,trust_k15,34,0.8400033352789127
PLA2G2,PCA,trust_k15,35,0.8479435226104116
PLA2G2,PCA,trust_k15,36,0.8404274715806442
PLA2G2,PCA,trust_k15,37,0.8488084716084383
PLA2G2,PCA,trust_k15,38,0.850608966341477
PLA2G2,PCA,trust_k15,39,0.8490691792434476
PLA2G2,PCA,trust_k15,40,0.8531793546235305
PLA2G2,PCA,trust_k15,41,0.8530036966007949
PLA2G2,PCA,trust_k15,42,0.8468489952472276
PLA2G2,PCA,trust_k15,43,0.8489279857694767
PLA2G2,PCA,trust_k15,44,0.8531026432085383
PLA2G2,PCA,trust_k15,45,0.8591044776119403
PLA2G2,PCA,trust_k15,46,0.8527963534283888
PLA2G2,PCA,trust_k15,47,0.8551088134745268
PLA2G2,PCA,trust_k15,48,0.8459473581811612
PLA2G2,PCA,trust_k15,49,0.8417160010005837
PLA2G2,UMAP,trust_k15,0,0.9583217988270936
PLA2G2,UMAP,trust_k15,1,0.9662958948275383
PLA2G2,UMAP,trust_k15,2,0.9558781511437228
PLA2G2,UMAP,trust_k15,3,0.9585969593373913
PLA2G2,UMAP,trust_k15,4,0.9591267128046916
PLA2G2,UMAP,trust_k15,5,0.9582984518747046
PLA2G2,UMAP,trust_k15,6,0.9555490702910031
PLA2G2,UMAP,trust_k15,7,0.9589888546096335
PLA2G2,UMAP,trust_k15,8,0.9635470691236555
PLA2G2,UMAP,trust_k15,9,0.9631423886155813
PLA2G2,UMAP,trust_k15,10,0.9630112009783485
PLA2G2,UMAP,trust_k15,11,0.968465493760249
PLA2G2,UMAP,trust_k15,12,0.963345840629256
PLA2G2,UMAP,trust_k15,13,0.9655271130381612
PLA2G2,UMAP,trust_k15,14,0.958028294282776
PLA2G2,UMAP,trust_k15,15,0.9590083104032908
PLA2G2,UMAP,trust_k15,16,0.961138441868868
PLA2G2,UMAP,trust_k15,17,0.9633730787403764
PLA2G2,UMAP,trust_k15,18,0.9590783512604575
PLA2G2,UMAP,trust_k15,19,0.9690097001028377
PLA2G2,UMAP,trust_k15,20,0.9571538953278301
PLA2G2,UMAP,trust_k15,21,0.9588187553850858
PLA2G2,UMAP,trust_k15,22,0.9615303371411101
PLA2G2,UMAP,trust_k15,23,0.9603490925261958
PLA2G2,UMAP,trust_k15,24,0.9553962033408377
PLA2G2,UMAP,trust_k15,25,0.961476972678507
PLA2G2,UMAP,trust_k15,26,0.9622313015925957
PLA2G2,UMAP,trust_k15,27,0.9605814502904472
PLA2G2,UMAP,trust_k15,28,0.9626871230439978
PLA2G2,UMAP,trust_k15,29,0.9607910169821284
PLA2G2,UMAP,trust_k15,30,0.9605169682314684
PLA2G2,UMAP,trust_k15,31,0.960158981628172
PLA2G2,UMAP,trust_k15,32,0.9534300564218016
PLA2G2,UMAP,trust_k15,33,0.9512387781761583
PLA2G2,UMAP,trust_k15,34,0.9561294088218127
PLA2G2,UMAP,trust_k15,35,0.9618760943883933
PLA2G2,UMAP,trust_k15,36,0.9625164679396314
PLA2G2,UMAP,trust_k15,37,0.9660885516551322
PLA2G2,UMAP,trust_k15,38,0.9561071736290614
PLA2G2,UMAP,trust_k15,39,0.9537152227688374
PLA2G2,UMAP,trust_k15,40,0.9587014647433225
PLA2G2,UMAP,trust_k15,41,0.9606720587009089
PLA2G2,UMAP,trust_k15,42,0.954044303621557
PLA2G2,UMAP,trust_k15,43,0.9627838461324661
PLA2G2,UMAP,trust_k15,44,0.9629217043275244
PLA2G2,UMAP,trust_k15,45,0.9613213263292476
PLA2G2,UMAP,trust_k15,46,0.9627910725701103
PLA2G2,UMAP,trust_k15,47,0.9600783790544485
PLA2G2,UMAP,trust_k15,48,0.9610700686511576
PLA2G2,UMAP,trust_k15,49,0.96186386503238
PLA2G2,ρPCA,trust_k15,0,0.7336479613107647
PLA2G2,ρPCA,trust_k15,1,0.7841001695433447
PLA2G2,ρPCA,trust_k15,2,0.7126418188387671
PLA2G2,ρPCA,trust_k15,3,0.7128436032129853
PLA2G2,ρPCA,trust_k15,4,0.7711787431557298
PLA2G2,ρPCA,trust_k15,5,0.7715072681286306
PLA2G2,ρPCA,trust_k15,6,0.7219894938714251
PLA2G2,ρPCA,trust_k15,7,0.7411601211818005
PLA2G2,ρPCA,trust_k15,8,0.713805831179299
PLA2G2,ρPCA,trust_k15,9,0.7686489341004474
PLA2G2,ρPCA,trust_k15,10,0.7068590010839657
PLA2G2,ρPCA,trust_k15,11,0.7393979821562578
PLA2G2,ρPCA,trust_k15,12,0.810621751577309
PLA2G2,ρPCA,trust_k15,13,0.717336223908391
PLA2G2,ρPCA,trust_k15,14,0.7163667695044331
PLA2G2,ρPCA,trust_k15,15,0.7640012229356014
PLA2G2,ρPCA,trust_k15,16,0.8286922927263126
PLA2G2,ρPCA,trust_k15,17,0.7311287139720393
PLA2G2,ρPCA,trust_k15,18,0.7030267656132745
PLA2G2,ρPCA,trust_k15,19,0.81708996914867
PLA2G2,ρPCA,trust_k15,20,0.715485144111843
PLA2G2,ρPCA,trust_k15,21,0.7389705105756136
PLA2G2,ρPCA,trust_k15,22,0.8207098585285861
PLA2G2,ρPCA,trust_k15,23,0.7021740459712611
PLA2G2,ρPCA,trust_k15,24,0.6954017621390256
PLA2G2,ρPCA,trust_k15,25,0.6948008560549209
PLA2G2,ρPCA,trust_k15,26,0.7130081436393452
PLA2G2,ρPCA,trust_k15,27,0.7886806192501181
PLA2G2,ρPCA,trust_k15,28,0.8298057200033353
PLA2G2,ρPCA,trust_k15,29,0.7141849412157092
PLA2G2,ρPCA,trust_k15,30,0.7147408210344923
PLA2G2,ρPCA,trust_k15,31,0.7124867283693266
PLA2G2,ρPCA,trust_k15,32,0.7048567219767086
PLA2G2,ρPCA,trust_k15,33,0.8337185580477501
PLA2G2,ρPCA,trust_k15,34,0.7378042747158065
PLA2G2,ρPCA,trust_k15,35,0.7896311737402374
PLA2G2,ρPCA,trust_k15,36,0.7333155451791322
PLA2G2,ρPCA,trust_k15,37,0.7014308346535479
PLA2G2,ρPCA,trust_k15,38,0.6968948553322771
PLA2G2,ρPCA,trust_k15,39,0.7217904888963007
PLA2G2,ρPCA,trust_k15,40,0.7286305900664276
PLA2G2,ρPCA,trust_k15,41,0.8235654131576753
PLA2G2,ρPCA,trust_k15,42,0.7043269685094082
PLA2G2,ρPCA,trust_k15,43,0.7162522582617639
PLA2G2,ρPCA,trust_k15,44,0.7212212679618666
PLA2G2,ρPCA,trust_k15,45,0.7070202062314128
PLA2G2,ρPCA,trust_k15,46,0.8483237444064593
PLA2G2,ρPCA,trust_k15,47,0.7046221406931821
PLA2G2,ρPCA,trust_k15,48,0.703512604574891
PLA2G2,ρPCA,trust_k15,49,0.7903460351871925
ToxProt,PCA,trust_k15,0,0.9043556121967337
ToxProt,PCA,trust_k15,1,0.8899856981025205
ToxProt,PCA,trust_k15,2,0.9039734258472576
ToxProt,PCA,trust_k15,3,0.9034074388747286
ToxProt,PCA,trust_k15,4,0.9001379684697441
ToxProt,PCA,trust_k15,5,0.8975174643632587
ToxProt,PCA,trust_k15,6,0.893813414519022
ToxProt,PCA,trust_k15,7,0.9045472009817804
ToxProt,PCA,trust_k15,8,0.9028901161144152
ToxProt,PCA,trust_k15,9,0.8995709902765978
ToxProt,PCA,trust_k15,10,0.9003007646559048
ToxProt,PCA,trust_k15,11,0.8974694609647881
ToxProt,PCA,trust_k15,12,0.9048876616633627
ToxProt,PCA,trust_k15,13,0.9004703105824601
ToxProt,PCA,trust_k15,14,0.9001941376380629
ToxProt,PCA,trust_k15,15,0.9037794298121401
ToxProt,PCA,trust_k15,16,0.9070568771830454
ToxProt,PCA,trust_k15,17,0.9015872274143302
ToxProt,PCA,trust_k15,18,0.8957006985745304
ToxProt,PCA,trust_k15,19,0.9009308977626734
ToxProt,PCA,trust_k15,20,0.9006926272066459
ToxProt,PCA,trust_k15,21,0.89817497403946
ToxProt,PCA,trust_k15,22,0.8960349287265175
ToxProt,PCA,trust_k15,23,0.9061390540923251
ToxProt,PCA,trust_k15,24,0.9062538940809969
ToxProt,PCA,trust_k15,25,0.8993189842348721
ToxProt,PCA,trust_k15,26,0.9052505900122723
ToxProt,PCA,trust_k15,27,0.9020620220900595
ToxProt,PCA,trust_k15,28,0.9011812517700368
ToxProt,PCA,trust_k15,29,0.8991663834607759
ToxProt,PCA,trust_k15,30,0.895296422165581
ToxProt,PCA,trust_k15,31,0.8998262531860662
ToxProt,PCA,trust_k15,32,0.8950798168601907
ToxProt,PCA,trust_k15,33,0.8973094496365525
ToxProt,PCA,trust_k15,34,0.8980448881336732
ToxProt,PCA,trust_k15,35,0.9025562635702823
ToxProt,PCA,trust_k15,36,0.9023244123477768
ToxProt,PCA,trust_k15,37,0.8939908430095346
ToxProt,PCA,trust_k15,38,0.904480222788634
ToxProt,PCA,trust_k15,39,0.8981662890588125
ToxProt,PCA,trust_k15,40,0.9028929953743038
ToxProt,PCA,trust_k15,41,0.9016328235627301
ToxProt,PCA,trust_k15,42,0.8940546115359199
ToxProt,PCA,trust_k15,43,0.9022311432077788
ToxProt,PCA,trust_k15,44,0.9030277541772869
ToxProt,PCA,trust_k15,45,0.9057169829132445
ToxProt,PCA,trust_k15,46,0.8995531483054847
ToxProt,PCA,trust_k15,47,0.9068521193240819
ToxProt,PCA,trust_k15,48,0.9014889077692816
ToxProt,PCA,trust_k15,49,0.9018977626734637
ToxProt,UMAP,trust_k15,0,0.9671473142641367
ToxProt,UMAP,trust_k15,1,0.9651431605777401
ToxProt,UMAP,trust_k15,2,0.965538043991315
ToxProt,UMAP,trust_k15,3,0.9608349853676956
ToxProt,UMAP,trust_k15,4,0.9648979514773908
ToxProt,UMAP,trust_k15,5,0.9608918625507411
ToxProt,UMAP,trust_k15,6,0.963215614084773
ToxProt,UMAP,trust_k15,7,0.9682857547436987
ToxProt,UMAP,trust_k15,8,0.9611544888133673
ToxProt,UMAP,trust_k15,9,0.9631689795147739
ToxProt,UMAP,trust_k15,10,0.9635857641838951
ToxProt,UMAP,trust_k15,11,0.9580502218446144
ToxProt,UMAP,trust_k15,12,0.9603696308883225
ToxProt,UMAP,trust_k15,13,0.964382186349476
ToxProt,UMAP,trust_k15,14,0.9689658736901727
ToxProt,UMAP,trust_k15,15,0.9644361842726329
ToxProt,UMAP,trust_k15,16,0.959532474275465
ToxProt,UMAP,trust_k15,17,0.9657596053997923
ToxProt,UMAP,trust_k15,18,0.9669826772396866
ToxProt,UMAP,trust_k15,19,0.9632664967431323
ToxProt,UMAP,trust_k15,20,0.9690107618238459
ToxProt,UMAP,trust_k15,21,0.9641435381855943
ToxProt,UMAP,trust_k15,22,0.9648861040309639
ToxProt,UMAP,trust_k15,23,0.9661882375153403
ToxProt,UMAP,trust_k15,24,0.9671263098272445
ToxProt,UMAP,trust_k15,25,0.9641964976871519
ToxProt,UMAP,trust_k15,26,0.9674217879731899
ToxProt,UMAP,trust_k15,27,0.9655703294628528
ToxProt,UMAP,trust_k15,28,0.9616913999811196
ToxProt,UMAP,trust_k15,29,0.9655929387331257
ToxProt,UMAP,trust_k15,30,0.963696261682243
ToxProt,UMAP,trust_k15,31,0.9630653733597658
ToxProt,UMAP,trust_k15,32,0.9635140658925706
ToxProt,UMAP,trust_k15,33,0.9574021051637874
ToxProt,UMAP,trust_k15,34,0.9639409515717927
ToxProt,UMAP,trust_k15,35,0.9668200698574531
ToxProt,UMAP,trust_k15,36,0.9672762201453791
ToxProt,UMAP,trust_k15,37,0.962876805437553
ToxProt,UMAP,trust_k15,38,0.9625924195223261
ToxProt,UMAP,trust_k15,39,0.963110922307184
ToxProt,UMAP,trust_k15,40,0.9656563296516567
ToxProt,UMAP,trust_k15,41,0.962099971679411
ToxProt,UMAP,trust_k15,42,0.9693334277352968
ToxProt,UMAP,trust_k15,43,0.9643490040592845
ToxProt,UMAP,trust_k15,44,0.9651853582554517
ToxProt,UMAP,trust_k15,45,0.9688531105446994
ToxProt,UMAP,trust_k15,46,0.9617205229868782
ToxProt,UMAP,trust_k15,47,0.9645970924195223
ToxProt,UMAP,trust_k15,48,0.9666972529028603
ToxProt,UMAP,trust_k15,49,0.962113943170018
ToxProt,ρPCA,trust_k15,0,0.8602553101104503
ToxProt,ρPCA,trust_k15,1,0.8535746719531766
ToxProt,ρPCA,trust_k15,2,0.8561557632398754
ToxProt,ρPCA,trust_k15,3,0.8579826772396866
ToxProt,ρPCA,trust_k15,4,0.8559865005192108
ToxProt,ρPCA,trust_k15,5,0.8557656471254602
ToxProt,ρPCA,trust_k15,6,0.8424180590956292
ToxProt,ρPCA,trust_k15,7,0.8651837062210894
ToxProt,ρPCA,trust_k15,8,0.8598850184083829
ToxProt,ρPCA,trust_k15,9,0.8593685452657416
ToxProt,ρPCA,trust_k15,10,0.8625244973095441
ToxProt,ρPCA,trust_k15,11,0.8515559331634098
ToxProt,ρPCA,trust_k15,12,0.856592230718399
ToxProt,ρPCA,trust_k15,13,0.8632325592372321
ToxProt,ρPCA,trust_k15,14,0.8598239403379591
ToxProt,ρPCA,trust_k15,15,0.8576821013877088
ToxProt,ρPCA,trust_k15,16,0.8612776833758142
ToxProt,ρPCA,trust_k15,17,0.8497189181534976
ToxProt,ρPCA,trust_k15,18,0.8511679410931747
ToxProt,ρPCA,trust_k15,19,0.8587292551685075
ToxProt,ρPCA,trust_k15,20,0.8584870669309922
ToxProt,ρPCA,trust_k15,21,0.8555222788634004
ToxProt,ρPCA,trust_k15,22,0.8552889644104598
ToxProt,ρPCA,trust_k15,23,0.8543974322665912
ToxProt,ρPCA,trust_k15,24,0.861129613895969
ToxProt,ρPCA,trust_k15,25,0.8641055885962428
ToxProt,ρPCA,trust_k15,26,0.8610457377513452
ToxProt,ρPCA,trust_k15,27,0.8590267157556877
ToxProt,ρPCA,trust_k15,28,0.8578604266968753
ToxProt,ρPCA,trust_k15,29,0.8568593882752762
ToxProt,ρPCA,trust_k15,30,0.846043849712074
ToxProt,ρPCA,trust_k15,31,0.8573136505239309
ToxProt,ρPCA,trust_k15,32,0.8612336920607948
ToxProt,ρPCA,trust_k15,33,0.8617724440668366
ToxProt,ρPCA,trust_k15,34,0.8591665250637214
ToxProt,ρPCA,trust_k15,35,0.8524419899933919
ToxProt,ρPCA,trust_k15,36,0.8525603700556972
ToxProt,ρPCA,trust_k15,37,0.8554284905126026
ToxProt,ρPCA,trust_k15,38,0.8642559237232135
ToxProt,ρPCA,trust_k15,39,0.8594037571981498
ToxProt,ρPCA,trust_k15,40,0.8585417256678939
ToxProt,ρPCA,trust_k15,41,0.8639112621542528
ToxProt,ρPCA,trust_k15,42,0.8515015576323988
ToxProt,ρPCA,trust_k15,43,0.8591491551024262
ToxProt,ρPCA,trust_k15,44,0.8564857925044841
ToxProt,ρPCA,trust_k15,45,0.8601206929104126
ToxProt,ρPCA,trust_k15,46,0.8621035589540262
ToxProt,ρPCA,trust_k15,47,0.8616222505428113
ToxProt,ρPCA,trust_k15,48,0.8634308505616917
ToxProt,ρPCA,trust_k15,49,0.8550996412725385
