identifier,sp_in_embedding,sequence_source,sequence_length_used,major_group,cysteine_group
P01385,no,mature_seq,73,Long-chain,Long-chain
P01434,no,mature_seq,62,Short-chain,Short-chain
P0DKW9,no,mature_seq,79,Long-chain,Long-chain
P34073,no,mature_seq,74,Long-chain,Long-chain
R4FI70,no,mature_seq,73,Long-chain,Long-chain
R4FI75,no,mature_seq,67,Long-chain,Long-chain
R4G2D7,no,mature_seq,62,Short-chain,Short-chain
R4G2D8,no,mature_seq,79,Long-chain,Long-chain
R4G2D9,no,mature_seq,73,Long-chain,Long-chain
R4G2P2,no,mature_seq,62,Short-chain,Short-chain
R4G2P6,no,mature_seq,67,Long-chain,Long-chain
R4G7E7,no,mature_seq,79,Long-chain,Long-chain
R4G7E8,no,mature_seq,73,Long-chain,Long-chain
A0A193CHL3,no,mature_seq,65,Non-standard,Non-standard
A0A193CHL5,no,mature_seq,74,Plesiotypic,Plesiotypic
A0A346CLY6,no,mature_seq,64,Non-standard,Non-standard
A0A346CLY7,no,mature_seq,65,Non-standard,Non-standard
A0A346CLY8,no,mature_seq,76,Non-standard,Plesiotypic
A0A346CLZ0,no,mature_seq,76,Non-standard,Plesiotypic
A0A346CLZ1,no,mature_seq,76,Plesiotypic,Plesiotypic
A0A346CM15,no,mature_seq,76,Non-standard,Plesiotypic
A0A346CM25,no,mature_seq,76,Non-standard,Plesiotypic
P19958,no,mature_seq,60,Short-chain,Short-chain
P19959,no,mature_seq,60,Short-chain,Short-chain
P19960,no,mature_seq,60,Short-chain,Short-chain
P32879,no,mature_seq,60,Short-chain,Short-chain
None|Alsi_9|Alligator_sinensis,no,mature_seq,89,Ly-6,Ly-6
None|Alsi_4|Alligator_sinensis,no,mature_seq,95,Ly-6,Ly-6
None|Alsi_3|Alligator_sinensis,no,mature_seq,118,Ly-6,Ly-6
None|Alsi_1|Alligator_sinensis,no,mature_seq,105,Ly-6,Ly-6
None|Alsi_5|Alligator_sinensis,no,mature_seq,106,Ly-6,Ly-6
None|Alsi_7|Alligator_sinensis,no,mature_seq,106,Ly-6,Ly-6
None|Alsi_8|Alligator_sinensis,no,mature_seq,106,Ly-6,Ly-6
None|Alsi_6|Alligator_sinensis,no,mature_seq,108,Ly-6,Ly-6
None|Alsi_10|Alligator_sinensis,no,mature_seq,105,Ly-6,Ly-6
None|Alsi_2|Alligator_sinensis,no,mature_seq,109,Ly-6,Ly-6
None|Anca_3|Anolis_carolinensis,no,mature_seq,107,Ly-6,Ly-6
None|Anca_1|Anolis_carolinensis,no,mature_seq,103,Ly-6,Ly-6
None|Anca_5|Anolis_carolinensis,no,mature_seq,106,Ly-6,Ly-6
None|Anca_6|Anolis_carolinensis,no,mature_seq,106,Ly-6,Ly-6
None|Anca_8|Anolis_carolinensis,no,mature_seq,81,Ly-6,Ly-6
None|Anca_10|Anolis_carolinensis,no,mature_seq,106,Ly-6,Ly-6
None|Anca_9|Anolis_carolinensis,no,mature_seq,80,Ly-6,Ly-6
None|Anca_4|Anolis_carolinensis,no,mature_seq,96,Ly-6,Pre-3FTx
None|Anca_7|Anolis_carolinensis,no,mature_seq,104,Ly-6,Ly-6
None|Anca_2|Anolis_carolinensis,no,mature_seq,107,Ly-6,Ly-6
P19003,no,mature_seq,63,Short-chain,Short-chain
P19004,no,mature_seq,64,Short-chain,Short-chain
P25670,no,mature_seq,68,Long-chain,Long-chain
NCBI|ASPSC_GHOC01000373.1_C401_153|Aspidelaps_scutatus,no,mature_seq,62,Short-chain,Short-chain
NCBI|ASPSC_GHOC01001197.1_C406_203|Aspidelaps_scutatus,no,mature_seq,68,Short-chain,Short-chain
NCBI|ASPSC_GHOC01001435.1_C398_174|Aspidelaps_scutatus,no,mature_seq,75,Short-chain,Short-chain
NCBI|ASPSC_GHOC01000196.1_C418_209|Aspidelaps_scutatus,no,mature_seq,70,Short-chain,Short-chain
NCBI|ASPSC_GHOC01000868.1_C426_214|Aspidelaps_scutatus,no,mature_seq,71,Short-chain,Short-chain
NCBI|ASPSC_GHOC01001195.1_C374_120|Aspidelaps_scutatus,no,mature_seq,64,Short-chain,Short-chain
NCBI|ASPSC_GHOC01002299.1_C248_45|Aspidelaps_scutatus,no,mature_seq,68,Non-standard,Non-standard
NCBI|ASPSC_GHOC01001478.1_C367_110|Aspidelaps_scutatus,no,mature_seq,65,Short-chain,Short-chain
NCBI|ASPSC_GHOC01000043.1_C425_180|Aspidelaps_scutatus,no,mature_seq,61,Short-chain,Short-chain
NCBI|ASPSC_GHOC01000507.1_C460_218|Aspidelaps_scutatus,no,mature_seq,60,Short-chain,Short-chain
NCBI|ASPSC_GHOC01000786.1_C477_220|Aspidelaps_scutatus,no,mature_seq,65,Short-chain,Short-chain
NCBI|ASPSC_GHOC01002308.1_C243_1|Aspidelaps_scutatus,no,mature_seq,60,Short-chain,Short-chain
NCBI|ASPSC_GHOC01000706.1_C513_331|Aspidelaps_scutatus,no,mature_seq,61,Short-chain,Short-chain
NCBI|ASPSC_GHOC01000120.1_C395_189|Aspidelaps_scutatus,no,mature_seq,69,Long-chain,Long-chain
NCBI|ASPSC_GHOC01000728.1_C419_201|Aspidelaps_scutatus,no,mature_seq,72,Non-standard,Long-chain
NCBI|ASPSC_GHOC01001452.1_C395_195|Aspidelaps_scutatus,no,mature_seq,67,Long-chain,Long-chain
NCBI|ASPSC_GHOC01002482.1_C199_2|Aspidelaps_scutatus,no,mature_seq,66,Long-chain,Long-chain
M9T1L2,no,mature_seq,60,Non-standard,Plesiotypic
M9T271,no,mature_seq,60,Non-standard,Plesiotypic
NCBI|Atractaspis_aterrima_GAME01026808|Atractaspis_aterrima,no,mature_seq,67,Non-standard,Non-standard
NCBI|ATRAT_GAME01039965.1_33_296|Atractaspis_aterrima,no,mature_seq,67,Non-standard,Non-standard
NCBI|ATRAT_GAMF01035612.1_104_391|Atractaspis_aterrima,no,mature_seq,75,Plesiotypic,Plesiotypic
NCBI|Atractaspis_aterrima_GAMF01050194|Atractaspis_aterrima,no,mature_seq,67,Plesiotypic,Plesiotypic
NCBI|ATRAT_GAMF01047773.1_120_359|Atractaspis_aterrima,no,mature_seq,59,Plesiotypic,Plesiotypic
NCBI|ATRAT_GAMF01050194.1_30_284|Atractaspis_aterrima,no,mature_seq,64,Plesiotypic,Plesiotypic
NCBI|Atractaspis_aterrima_GAMF01005539|Atractaspis_aterrima,no,mature_seq,66,Plesiotypic,Plesiotypic
NCBI|Atractaspis_aterrima_GAMF01040875|Atractaspis_aterrima,no,mature_seq,66,Plesiotypic,Plesiotypic
NCBI|Atractaspis_aterrima_GAMF01055489|Atractaspis_aterrima,no,mature_seq,66,Plesiotypic,Plesiotypic
NCBI|ATRAT_GAMF01005539.1_32_289|Atractaspis_aterrima,no,mature_seq,65,Plesiotypic,Plesiotypic
NCBI|ATRAT_GAMF01040875.1_33_287|Atractaspis_aterrima,no,mature_seq,64,Plesiotypic,Plesiotypic
B2BRQ5,no,mature_seq,75,Long-chain,Long-chain
B2BRQ6,no,mature_seq,86,Long-chain,Long-chain
B2BRQ7,no,mature_seq,68,Long-chain,Long-chain
B2BRQ8,no,mature_seq,67,Long-chain,Long-chain
B2BRQ9,no,mature_seq,69,Long-chain,Long-chain
B2BRR0,no,mature_seq,67,Long-chain,Long-chain
B2BRR1,no,mature_seq,67,Long-chain,Long-chain
B2BRR3,no,mature_seq,67,Long-chain,Long-chain
B2BRR4,no,mature_seq,67,Long-chain,Long-chain
B2BRR5,no,mature_seq,67,Long-chain,Long-chain
B2BRR6,no,mature_seq,67,Long-chain,Long-chain
B2BRR7,no,mature_seq,67,Long-chain,Long-chain
B2BRR8,no,mature_seq,67,Long-chain,Long-chain
B2BRS1,no,mature_seq,72,Long-chain,Long-chain
A8S6A4,no,mature_seq,60,Short-chain,Short-chain
A8S6B0,no,mature_seq,71,Long-chain,Long-chain
M9T2J4,no,mature_seq,69,Non-standard,Non-standard
A0A193CHL1,no,mature_seq,90,Plesiotypic,Plesiotypic
A0A481MQM5,no,mature_seq,63,Non-standard,Non-standard
A0A481MQJ6,no,mature_seq,86,Plesiotypic,Plesiotypic
A0A481MQK7,no,mature_seq,84,Plesiotypic,Plesiotypic
A0A481MQL7,no,mature_seq,84,Plesiotypic,Plesiotypic
A0A481MQP4,no,mature_seq,63,Non-standard,Non-standard
Q06ZW0,no,mature_seq,92,Plesiotypic,Plesiotypic
NCBI|Boiga_dendrophila_dendrophila_GGUB01000001|Boiga_dendrophila_dendrophila,no,mature_seq,63,Non-standard,Non-standard
None|1305Boiga_|Boiga_dendrophila_dendrophila,no,mature_seq,77,Plesiotypic,Plesiotypic
None|1311Boiga_|Boiga_dendrophila_dendrophila,no,mature_seq,77,Plesiotypic,Plesiotypic
None|1313Boiga_|Boiga_dendrophila_dendrophila,no,mature_seq,84,Plesiotypic,Plesiotypic
None|1315Boiga_|Boiga_dendrophila_dendrophila,no,mature_seq,77,Plesiotypic,Plesiotypic
None|1321Boiga_|Boiga_dendrophila_dendrophila,no,mature_seq,84,Plesiotypic,Plesiotypic
None|1383Boiga_|Boiga_dendrophila_dendrophila,no,mature_seq,82,Plesiotypic,Plesiotypic
None|1399Boiga_|Boiga_dendrophila_dendrophila,no,mature_seq,82,Plesiotypic,Plesiotypic
None|1401Boiga_|Boiga_dendrophila_dendrophila,no,mature_seq,82,Plesiotypic,Plesiotypic
NCBI|Boiga_dendrophila_dendrophila_GGUB01000002|Boiga_dendrophila_dendrophila,no,mature_seq,84,Plesiotypic,Plesiotypic
NCBI|Boiga_dendrophila_dendrophila_GGUB01000005|Boiga_dendrophila_dendrophila,no,mature_seq,86,Plesiotypic,Plesiotypic
NCBI|Boiga_dendrophila_dendrophila_GGUB01000024|Boiga_dendrophila_dendrophila,no,mature_seq,78,Plesiotypic,Plesiotypic
NCBI|Boiga_dendrophila_dendrophila_GGUB01000025|Boiga_dendrophila_dendrophila,no,mature_seq,86,Plesiotypic,Plesiotypic
NCBI|Boiga_dendrophila_dendrophila_GGUB01000027|Boiga_dendrophila_dendrophila,no,mature_seq,80,Plesiotypic,Plesiotypic
None|1217Boiga_|Boiga_dendrophila_dendrophila,no,mature_seq,86,Plesiotypic,Plesiotypic
None|1221Boiga_|Boiga_dendrophila_dendrophila,no,mature_seq,84,Plesiotypic,Plesiotypic
None|1231Boiga_|Boiga_dendrophila_dendrophila,no,mature_seq,84,Plesiotypic,Plesiotypic
None|1233Boiga_|Boiga_dendrophila_dendrophila,no,mature_seq,84,Plesiotypic,Plesiotypic
None|1237Boiga_|Boiga_dendrophila_dendrophila,no,mature_seq,84,Plesiotypic,Plesiotypic
None|1283Boiga_|Boiga_dendrophila_dendrophila,no,mature_seq,77,Plesiotypic,Plesiotypic
None|1307Boiga_|Boiga_dendrophila_dendrophila,no,mature_seq,77,Plesiotypic,Plesiotypic
None|1319Boiga_|Boiga_dendrophila_dendrophila,no,mature_seq,84,Non-standard,Plesiotypic
None|1323Boiga_|Boiga_dendrophila_dendrophila,no,mature_seq,84,Plesiotypic,Plesiotypic
None|1325Boiga_|Boiga_dendrophila_dendrophila,no,mature_seq,77,Plesiotypic,Plesiotypic
None|1327Boiga_|Boiga_dendrophila_dendrophila,no,mature_seq,77,Plesiotypic,Plesiotypic
None|1329Boiga_|Boiga_dendrophila_dendrophila,no,mature_seq,84,Plesiotypic,Plesiotypic
None|1387Boiga_|Boiga_dendrophila_dendrophila,no,mature_seq,82,Plesiotypic,Plesiotypic
None|1389Boiga_|Boiga_dendrophila_dendrophila,no,mature_seq,82,Plesiotypic,Plesiotypic
None|1391Boiga_|Boiga_dendrophila_dendrophila,no,mature_seq,82,Plesiotypic,Plesiotypic
None|1393Boiga_|Boiga_dendrophila_dendrophila,no,mature_seq,82,Plesiotypic,Plesiotypic
None|1317Boiga_|Boiga_dendrophila_gemmicincta,no,mature_seq,77,Plesiotypic,Plesiotypic
None|1397Boiga_|Boiga_dendrophila_gemmicincta,no,mature_seq,82,Plesiotypic,Plesiotypic
None|1223Boiga_|Boiga_dendrophila_gemmicincta,no,mature_seq,84,Plesiotypic,Plesiotypic
None|1225Boiga_|Boiga_dendrophila_gemmicincta,no,mature_seq,84,Plesiotypic,Plesiotypic
None|1227Boiga_|Boiga_dendrophila_gemmicincta,no,mature_seq,84,Plesiotypic,Plesiotypic
None|1309Boiga_|Boiga_dendrophila_gemmicincta,no,mature_seq,77,Non-standard,Plesiotypic
None|1385Boiga_|Boiga_dendrophila_gemmicincta,no,mature_seq,82,Plesiotypic,Plesiotypic
A0A0B8RS19,no,mature_seq,90,Plesiotypic,Plesiotypic
A0A0B8RS22,no,mature_seq,90,Plesiotypic,Plesiotypic
A0A0B8RS37,no,mature_seq,86,Plesiotypic,Plesiotypic
A0A0B8RS42,no,mature_seq,92,Plesiotypic,Plesiotypic
A0A0B8RS43,no,mature_seq,90,Plesiotypic,Plesiotypic
A0A0B8RS45,no,mature_seq,90,Plesiotypic,Plesiotypic
A0A0B8RS48,no,mature_seq,85,Plesiotypic,Plesiotypic
A0A0B8RSY0,no,mature_seq,90,Plesiotypic,Plesiotypic
A0A0B8RSY6,no,mature_seq,86,Plesiotypic,Plesiotypic
A0A0B8RSZ0,no,mature_seq,90,Plesiotypic,Plesiotypic
A0A0B8RSZ1,no,mature_seq,90,Plesiotypic,Plesiotypic
A0A0B8RSZ3,no,mature_seq,85,Plesiotypic,Plesiotypic
A0A0B8RVA5,no,mature_seq,90,Plesiotypic,Plesiotypic
A0A0B8RVB2,no,mature_seq,92,Plesiotypic,Plesiotypic
A0A0B8RVB7,no,mature_seq,92,Plesiotypic,Plesiotypic
A0A0B8RVB9,no,mature_seq,90,Plesiotypic,Plesiotypic
A0A0B8RVC5,no,mature_seq,82,Plesiotypic,Plesiotypic
A0A0B8RYW2,no,mature_seq,85,Plesiotypic,Plesiotypic
A0A0B8RYX1,no,mature_seq,85,Plesiotypic,Plesiotypic
A0A0B8RYX5,no,mature_seq,91,Plesiotypic,Plesiotypic
A0A0B8RYY0,no,mature_seq,90,Plesiotypic,Plesiotypic
A0A0B8RYY3,no,mature_seq,90,Plesiotypic,Plesiotypic
A0A0B8RYY5,no,mature_seq,90,Plesiotypic,Plesiotypic
A0A0B8RYY9,no,mature_seq,86,Plesiotypic,Plesiotypic
A0A0B8RZW9,no,mature_seq,85,Plesiotypic,Plesiotypic
A0A0B8RZX0,no,mature_seq,89,Plesiotypic,Plesiotypic
A0A0B8RZX5,no,mature_seq,92,Non-standard,Non-standard
A0A0B8RZX6,no,mature_seq,90,Plesiotypic,Plesiotypic
A0A0B8RZX8,no,mature_seq,90,Plesiotypic,Plesiotypic
A0A0B8RZY0,no,mature_seq,86,Plesiotypic,Plesiotypic
A0A193CHL4,no,mature_seq,86,Plesiotypic,Plesiotypic
A0A193CHL6,no,mature_seq,86,Plesiotypic,Plesiotypic
A0A193CHL9,no,mature_seq,86,Plesiotypic,Plesiotypic
A0A193CHM0,no,mature_seq,86,Plesiotypic,Plesiotypic
A0S864,no,mature_seq,90,Plesiotypic,Plesiotypic
A0S865,no,mature_seq,92,Plesiotypic,Plesiotypic
NCBI|Boiga_irregularis_Brisbane_GGUD01000006|Boiga_irregularis,no,mature_seq,63,Non-standard,Non-standard
NCBI|Boiga_irregularis_Sulawesi_GGUE01000001|Boiga_irregularis,no,mature_seq,63,Non-standard,Non-standard
None|1289Boiga_|Boiga_irregularis,no,mature_seq,77,Plesiotypic,Plesiotypic
None|1295Boiga_|Boiga_irregularis,no,mature_seq,77,Plesiotypic,Plesiotypic
None|1355Boiga_|Boiga_irregularis,no,mature_seq,75,Plesiotypic,Plesiotypic
None|1359Boiga_|Boiga_irregularis,no,mature_seq,75,Plesiotypic,Plesiotypic
NCBI|Boiga_irregularis_Brisbane_GGUD01000001|Boiga_irregularis,no,mature_seq,86,Plesiotypic,Plesiotypic
NCBI|Boiga_irregularis_Brisbane_GGUD01000007|Boiga_irregularis,no,mature_seq,86,Plesiotypic,Plesiotypic
None|1253Boiga_|Boiga_irregularis,no,mature_seq,86,Plesiotypic,Plesiotypic
None|1255Boiga_|Boiga_irregularis,no,mature_seq,86,Plesiotypic,Plesiotypic
None|1263Boiga_|Boiga_irregularis,no,mature_seq,86,Plesiotypic,Plesiotypic
None|1279Boiga_|Boiga_irregularis,no,mature_seq,86,Plesiotypic,Plesiotypic
None|1281Boiga_|Boiga_irregularis,no,mature_seq,86,Plesiotypic,Plesiotypic
None|1363Boiga_|Boiga_irregularis,no,mature_seq,75,Plesiotypic,Plesiotypic
None|1367Boiga_|Boiga_irregularis,no,mature_seq,75,Plesiotypic,Plesiotypic
None|1371Boiga_|Boiga_irregularis,no,mature_seq,75,Plesiotypic,Plesiotypic
None|1373Boiga_|Boiga_irregularis,no,mature_seq,75,Plesiotypic,Plesiotypic
None|1381Boiga_|Boiga_irregularis,no,mature_seq,75,Plesiotypic,Plesiotypic
A0A193CHL8,no,mature_seq,95,Plesiotypic,Plesiotypic
A0A6G1S2M3,no,mature_seq,84,Plesiotypic,Plesiotypic
A0A6G1S2M9,no,mature_seq,86,Plesiotypic,Plesiotypic
A0A6G1S2N1,no,mature_seq,63,Non-standard,Non-standard
None|1285Boiga_|Boiga_nigriceps,no,mature_seq,77,Plesiotypic,Plesiotypic
None|1345Boiga_|Boiga_nigriceps,no,mature_seq,75,Plesiotypic,Plesiotypic
None|1347Boiga_|Boiga_nigriceps,no,mature_seq,75,Plesiotypic,Plesiotypic
NCBI|Boiga_trigonata_GGUG01000004|Boiga_trigonata,no,mature_seq,63,Non-standard,Non-standard
NCBI|BOITR_GGUG01000006.1_1_318|Boiga_trigonata,no,mature_seq,87,Plesiotypic,Plesiotypic
NCBI|Boiga_trigonata_GGUG01000001|Boiga_trigonata,no,mature_seq,80,Plesiotypic,Plesiotypic
NCBI|Boiga_trigonata_GGUG01000002|Boiga_trigonata,no,mature_seq,86,Plesiotypic,Plesiotypic
NCBI|Boiga_trigonata_GGUG01000005|Boiga_trigonata,no,mature_seq,86,Plesiotypic,Plesiotypic
NCBI|Boiga_trigonata_GGUG01000007|Boiga_trigonata,no,mature_seq,77,Plesiotypic,Plesiotypic
NCBI|BOITR_GGUG01000007.1_1_330|Boiga_trigonata,no,mature_seq,91,Plesiotypic,Plesiotypic
None|1331Boiga_|Boiga_trigonata,no,mature_seq,73,Plesiotypic,Plesiotypic
NCBI|BOTJA_GEXA01000001.1_15_275|Bothrops_jararaca,no,mature_seq,65,Non-standard,Non-standard
R4FJG1,no,mature_seq,62,Short-chain,Short-chain
R4FJH6,no,mature_seq,72,Long-chain,Long-chain
R4G2E3,no,mature_seq,62,Short-chain,Short-chain
R4G2E5,no,mature_seq,68,Non-standard,Non-standard
R4G2Q5,no,mature_seq,62,Short-chain,Short-chain
R4G2Q9,no,mature_seq,81,Long-chain,Long-chain
R4G7F3,no,mature_seq,58,Short-chain,Short-chain
R4G7F4,no,mature_seq,68,Non-standard,Non-standard
A1IVR8,no,mature_seq,73,Long-chain,Long-chain
A1IVR9,no,mature_seq,73,Long-chain,Long-chain
P81782,no,mature_seq,63,Plesiotypic,Plesiotypic
P81783,no,mature_seq,66,Plesiotypic,Plesiotypic
P83346,no,mature_seq,65,Short-chain,Short-chain
P85140,no,mature_seq,73,Long-chain,Long-chain
Q8AY49,no,mature_seq,63,Plesiotypic,Plesiotypic
Q8AY50,no,mature_seq,63,Plesiotypic,Plesiotypic
Q8AY51,no,mature_seq,63,Plesiotypic,Plesiotypic
Q8AY52,no,mature_seq,65,Short-chain,Short-chain
Q8AY53,no,mature_seq,65,Short-chain,Short-chain
Q8AY55,no,mature_seq,66,Long-chain,Long-chain
Q8AY56,no,mature_seq,66,Long-chain,Long-chain
A2CKF6,no,mature_seq,65,Plesiotypic,Plesiotypic
A2CKF7,no,mature_seq,65,Plesiotypic,Plesiotypic
P0C552,no,mature_seq,57,Short-chain,Short-chain
P0C553,no,mature_seq,58,Short-chain,Short-chain
P0C554,no,mature_seq,65,Short-chain,Short-chain
P0C555,no,mature_seq,62,Short-chain,Short-chain
P10808,no,mature_seq,64,Short-chain,Short-chain
P14534,no,mature_seq,63,Non-standard,Non-standard
D5J9P0,no,mature_seq,65,Short-chain,Short-chain
D5J9P2,no,mature_seq,64,Short-chain,Short-chain
D5J9P3,no,mature_seq,65,Short-chain,Short-chain
D5J9P4,no,mature_seq,65,Short-chain,Short-chain
D5J9P6,no,mature_seq,67,Plesiotypic,Plesiotypic
D5J9P8,no,mature_seq,69,Plesiotypic,Plesiotypic
D5J9Q0,no,mature_seq,63,Plesiotypic,Plesiotypic
D5J9Q3,no,mature_seq,82,Non-standard,Non-standard
P15815,no,mature_seq,66,Long-chain,Long-chain
O12961,no,mature_seq,66,Long-chain,Long-chain
O12962,no,mature_seq,66,Long-chain,Long-chain
O12963,no,mature_seq,68,Plesiotypic,Plesiotypic
P01398,no,mature_seq,66,Long-chain,Long-chain
P15816,no,mature_seq,66,Long-chain,Long-chain
P15817,no,mature_seq,66,Long-chain,Long-chain
P15818,no,mature_seq,66,Plesiotypic,Plesiotypic
P43445,no,mature_seq,62,Short-chain,Short-chain
P60615,no,mature_seq,74,Long-chain,Long-chain
P60616,no,mature_seq,74,Long-chain,Long-chain
P79688,no,mature_seq,65,Short-chain,Short-chain
Q70WS8,no,mature_seq,63,Plesiotypic,Plesiotypic
Q800Y3,no,mature_seq,65,Short-chain,Short-chain
Q8JFX7,no,mature_seq,82,Non-standard,Non-standard
Q9PW19,no,mature_seq,82,Non-standard,Non-standard
Q9W727,no,mature_seq,65,Short-chain,Short-chain
Q9YGH0,no,mature_seq,82,Non-standard,Non-standard
Q9YGH9,no,mature_seq,68,Plesiotypic,Plesiotypic
Q9YGI8,no,mature_seq,65,Short-chain,Short-chain
Q9YGJ0,no,mature_seq,68,Plesiotypic,Plesiotypic
None|Bmul_scaffold7_G00807_t1_mka|Bungarus_multicinctus,no,mature_seq,60,Non-standard,Short-chain
None|Bmul_scaffold7_G00808_t1_mka|Bungarus_multicinctus,no,mature_seq,59,Non-standard,Short-chain
None|Bmul_scaffold9_G00036_t1|Bungarus_multicinctus,no,mature_seq,78,Non-standard,Non-standard
None|B.multicinctus_HiC_scaffold7_G00795.t1|Bungarus_multicinctus,no,mature_seq,107,Ly-6,unknown
None|B.multicinctus_HiC_scaffold7_G00800.t1|Bungarus_multicinctus,no,mature_seq,106,Ly-6,unknown
None|B.multicinctus_HiC_scaffold7_G00801.t1|Bungarus_multicinctus,no,mature_seq,108,Ly-6,unknown
None|Bmul_scaffold7_G00718_t1|Bungarus_multicinctus,no,mature_seq,63,Short-chain,Short-chain
None|Bmul_scaffold7_G00815_t1|Bungarus_multicinctus,no,mature_seq,66,Long-chain,Long-chain
None|Bmul_scaffold7_G00810_t1|Bungarus_multicinctus,no,mature_seq,65,Short-chain,Short-chain
None|Bmul_scaffold7_G00802_t1_mka|Bungarus_multicinctus,no,mature_seq,58,Non-standard,Non-standard
None|denovo_2_scaffold7|Bungarus_multicinctus,no,mature_seq,62,Plesiotypic,unknown
None|Bmul_scaffold6_G00174_t1|Bungarus_multicinctus,no,mature_seq,65,Plesiotypic,Plesiotypic
None|Bmul_scaffold7_G00790_t1|Bungarus_multicinctus,no,mature_seq,65,Plesiotypic,Plesiotypic
None|Bmul_scaffold7_G00803_t1_mka|Bungarus_multicinctus,no,mature_seq,63,Plesiotypic,Plesiotypic
None|Bmul_scaffold7_G00819_t1|Bungarus_multicinctus,no,mature_seq,67,Plesiotypic,Plesiotypic
None|Bmul_scaffold7_G00817_t1|Bungarus_multicinctus,no,mature_seq,67,Short-chain,Short-chain
None|Bmul_scaffold27_G00003_t1|Bungarus_multicinctus,no,mature_seq,66,Long-chain,Long-chain
None|Bmul_scaffold35_G00001_t1|Bungarus_multicinctus,no,mature_seq,66,Long-chain,Long-chain
R4FIB4,no,mature_seq,60,Non-standard,Non-standard
R4FIB8,no,mature_seq,60,Non-standard,Short-chain
R4G2F2,no,mature_seq,71,Long-chain,Long-chain
R4G2S0,no,mature_seq,60,Short-chain,Short-chain
R4G2S3,no,mature_seq,66,Short-chain,Short-chain
A0A898IJN7,no,mature_seq,69,Plesiotypic,Plesiotypic
A0A898IJU7,no,mature_seq,71,Non-standard,Short-chain
A0A898IJX5,no,mature_seq,57,Short-chain,Short-chain
A0A898IJZ2,no,mature_seq,59,Short-chain,Short-chain
A0A898IK11,no,mature_seq,58,Short-chain,Short-chain
A0A898IK81,no,mature_seq,55,Short-chain,Short-chain
A0A898IKB4,no,mature_seq,53,Short-chain,Short-chain
A0A898IKH0,no,mature_seq,53,Short-chain,Short-chain
A0A898IKK6,no,mature_seq,53,Short-chain,Short-chain
A0A898IKP8,no,mature_seq,59,Short-chain,Short-chain
A0A898IKR2,no,mature_seq,63,Short-chain,Short-chain
A0A898IKT9,no,mature_seq,56,Short-chain,Short-chain
A0A898IKW1,no,mature_seq,54,Short-chain,Short-chain
A0A898IKZ4,no,mature_seq,60,Short-chain,Short-chain
A0A898IKZ5,no,mature_seq,53,Short-chain,Short-chain
A0A898IL04,no,mature_seq,57,Short-chain,Short-chain
A0A898IL27,no,mature_seq,59,Short-chain,Short-chain
A0A898IL31,no,mature_seq,55,Short-chain,Short-chain
A0A898IL54,no,mature_seq,56,Short-chain,Short-chain
A0A898IL68,no,mature_seq,60,Short-chain,Short-chain
A0A898IL83,no,mature_seq,59,Short-chain,Short-chain
A0A898ILD4,no,mature_seq,53,Short-chain,Short-chain
A0A898ILG1,no,mature_seq,55,Short-chain,Short-chain
A0A898ILL6,no,mature_seq,60,Short-chain,Short-chain
A0A898ILP2,no,mature_seq,60,Short-chain,Short-chain
A0A898ILQ5,no,mature_seq,55,Short-chain,Short-chain
A0A898ILU1,no,mature_seq,55,Short-chain,Short-chain
A0A898IMW8,no,mature_seq,71,Non-standard,Short-chain
A0A898IMX4,no,mature_seq,64,Short-chain,Short-chain
A0A898IMZ3,no,mature_seq,53,Short-chain,Short-chain
A0A898IN02,no,mature_seq,59,Short-chain,Short-chain
A0A898IN07,no,mature_seq,57,Short-chain,Short-chain
A0A898IN20,no,mature_seq,71,Non-standard,Short-chain
A0A898IN21,no,mature_seq,54,Short-chain,Short-chain
A0A898IN37,no,mature_seq,57,Short-chain,Short-chain
A0A898IN41,no,mature_seq,59,Short-chain,Short-chain
A0A898IN56,no,mature_seq,53,Short-chain,Short-chain
A0A898IN63,no,mature_seq,56,Short-chain,Short-chain
A0A898IN64,no,mature_seq,55,Short-chain,Short-chain
A0A898IN70,no,mature_seq,60,Short-chain,Short-chain
A0A898IN78,no,mature_seq,60,Short-chain,Short-chain
A0A898IN79,no,mature_seq,55,Short-chain,Short-chain
A0A898IN91,no,mature_seq,55,Short-chain,Short-chain
A0A898IN96,no,mature_seq,55,Short-chain,Short-chain
A0A898INB4,no,mature_seq,55,Short-chain,Short-chain
A0A898INK0,no,mature_seq,69,Non-standard,Short-chain
A0A898INL0,no,mature_seq,57,Short-chain,Short-chain
A0A898INL5,no,mature_seq,62,Short-chain,Short-chain
A0A898INM0,no,mature_seq,58,Short-chain,Short-chain
A0A898INM6,no,mature_seq,55,Short-chain,Short-chain
A0A898IPF7,no,mature_seq,53,Short-chain,Short-chain
A0A898IPI9,no,mature_seq,60,Short-chain,Short-chain
A0A898IPK1,no,mature_seq,58,Short-chain,Short-chain
A0A898IPK7,no,mature_seq,57,Short-chain,Short-chain
A0A898IPL1,no,mature_seq,55,Short-chain,Short-chain
A0A898IPM2,no,mature_seq,57,Short-chain,Short-chain
A0A898IPM8,no,mature_seq,53,Short-chain,Short-chain
A0A898IPN0,no,mature_seq,55,Short-chain,Short-chain
A0A898IPN2,no,mature_seq,58,Short-chain,Short-chain
A0A898IPN4,no,mature_seq,60,Short-chain,Short-chain
A0A898IPN6,no,mature_seq,60,Short-chain,Short-chain
A0A898IPP1,no,mature_seq,60,Short-chain,Short-chain
A0A898IPP4,no,mature_seq,63,Short-chain,Short-chain
P0DL82,no,mature_seq,57,Short-chain,Short-chain
P84716,no,mature_seq,61,Short-chain,Short-chain
None|Chmy_12|Chelonia_mydas,no,mature_seq,89,Ly-6,Ly-6
None|Chmy_3|Chelonia_mydas,no,mature_seq,107,Ly-6,Ly-6
None|Chmy_1|Chelonia_mydas,no,mature_seq,104,Ly-6,Ly-6
None|Chmy_6|Chelonia_mydas,no,mature_seq,94,Ly-6,Ly-6
None|Chmy_4|Chelonia_mydas,no,mature_seq,105,Ly-6,Ly-6
None|Chmy_5|Chelonia_mydas,no,mature_seq,105,Ly-6,Ly-6
None|Chmy_7|Chelonia_mydas,no,mature_seq,105,Ly-6,Ly-6
None|Chmy_10|Chelonia_mydas,no,mature_seq,106,Ly-6,Ly-6
None|Chmy_11|Chelonia_mydas,no,mature_seq,106,Ly-6,Ly-6
None|Chmy_9|Chelonia_mydas,no,mature_seq,103,Ly-6,Ly-6
None|Chmy_13|Chelonia_mydas,no,mature_seq,107,Ly-6,Ly-6
None|Chmy_2|Chelonia_mydas,no,mature_seq,105,Ly-6,Ly-6
P83490,no,mature_seq,77,Plesiotypic,Plesiotypic
NCBI|CONLI_GJFD01001950.1_49_315|Conophis_lineatus,no,mature_seq,87,Plesiotypic,Plesiotypic
A0A1W7RBC9,no,mature_seq,64,Plesiotypic,Plesiotypic
A0A1W7RBD9,no,mature_seq,65,Plesiotypic,Plesiotypic
NCBI|CROCE_GGMJ01000004.1_1_267|Crotalus_cerastes,no,mature_seq,68,Non-standard,Non-standard
NCBI|CROCE_GGMJ01000005.1_1_252|Crotalus_cerastes,no,mature_seq,63,Plesiotypic,Plesiotypic
NCBI|CROSC_GGIP01000025.1_1_252|Crotalus_scutulatus,no,mature_seq,63,Plesiotypic,Plesiotypic
NCBI|CROTI_XR_005557464.1_96_332|Crotalus_tigris,no,mature_seq,58,Non-standard,Short-chain
NCBI|CROTI_XR_005555300.1_149_355|Crotalus_tigris,no,mature_seq,62,Non-standard,Short-chain
NCBI|CROTI_XR_005557461.1_417_620|Crotalus_tigris,no,mature_seq,62,Non-standard,Short-chain
NCBI|CROTI_XM_039332036.1_300_557|Crotalus_tigris,no,mature_seq,65,Plesiotypic,Plesiotypic
NCBI|CROTI_XR_005555304.1_268_468|Crotalus_tigris,no,mature_seq,60,Plesiotypic,Plesiotypic
NCBI|CROTI_XM_039332037.1_103_360|Crotalus_tigris,no,mature_seq,65,Plesiotypic,Plesiotypic
NCBI|CROTI_XM_039332038.1_21_260|Crotalus_tigris,no,mature_seq,59,Plesiotypic,Plesiotypic
NCBI|CROTI_XR_005555302.1_67_312|Crotalus_tigris,no,mature_seq,61,Plesiotypic,Plesiotypic
None|Cvir_PDHV02000188_1_35190_37247_mka|Crotalus_viridis,no,mature_seq,61,Non-standard,Short-chain
None|Cvir_PDHV02000066_1_88429_90401|Crotalus_viridis,no,mature_seq,64,Non-standard,Plesiotypic
A8HDJ7,no,mature_seq,60,Short-chain,Short-chain
A8HDJ8,no,mature_seq,60,Short-chain,Short-chain
M9SZR1,no,mature_seq,61,Non-standard,Plesiotypic
None|Dacu_scaffold1201_gene_1_mRNA_6|Deinagkistrodon_acutus,no,mature_seq,69,Ly-6,Plesiotypic
None|Dacu_scaffold1201_gene_1_mRNA_4_mka|Deinagkistrodon_acutus,no,mature_seq,62,Plesiotypic,Plesiotypic
None|Dacu_scaffold2000_gene_1_mRNA_1|Deinagkistrodon_acutus,no,mature_seq,60,Plesiotypic,Plesiotypic
None|Dacu_scaffold1201_gene_1_mRNA_1_mka|Deinagkistrodon_acutus,no,mature_seq,61,Plesiotypic,Plesiotypic
None|Dacu_scaffold1201_gene_1_mRNA_2_mka|Deinagkistrodon_acutus,no,mature_seq,59,Plesiotypic,Plesiotypic
None|Dacu_scaffold1201_gene_1_mRNA_3_mka|Deinagkistrodon_acutus,no,mature_seq,60,Plesiotypic,Plesiotypic
None|Dacu_scaffold1201_gene_1_mRNA_5_mka|Deinagkistrodon_acutus,no,mature_seq,61,Plesiotypic,Plesiotypic
A6MFK4,no,mature_seq,67,Long-chain,Long-chain
A6MFK5,no,mature_seq,67,Non-standard,Non-standard
A6MFK6,no,mature_seq,63,Short-chain,Short-chain
C0HJB0,no,mature_seq,69,Short-chain,Short-chain
C0HJT4,no,mature_seq,63,Non-standard,Non-standard
P01404,no,mature_seq,60,Short-chain,Short-chain
P01408,no,mature_seq,63,Non-standard,Non-standard
P01409,no,mature_seq,63,Non-standard,Non-standard
P01410,no,mature_seq,62,Non-standard,Non-standard
P01411,no,mature_seq,62,Non-standard,Non-standard
P0C1Y9,no,mature_seq,61,Short-chain,Short-chain
P0C1Z0,no,mature_seq,61,Short-chain,Short-chain
P17696,no,mature_seq,65,Short-chain,Short-chain
P18328,no,mature_seq,65,Short-chain,Short-chain
P18329,no,mature_seq,59,Short-chain,Short-chain
P25684,no,mature_seq,60,Short-chain,Short-chain
P60234,no,mature_seq,65,Short-chain,Short-chain
P60237,no,mature_seq,63,Short-chain,Short-chain
P81030,no,mature_seq,66,Short-chain,Short-chain
P81031,no,mature_seq,65,Short-chain,Short-chain
P81946,no,mature_seq,59,Non-standard,Non-standard
P85092,no,mature_seq,65,Short-chain,Short-chain
P86419,no,mature_seq,66,Short-chain,Short-chain
Q8QGR0,no,mature_seq,65,Short-chain,Short-chain
Q9PSN1,no,mature_seq,66,Short-chain,Short-chain
NCBI|Dendroaspis_angusticeps_GILR01002080|Dendroaspis_angusticeps,no,mature_seq,65,Non-standard,Plesiotypic
NCBI|Dendroaspis_angusticeps_GILR01002482|Dendroaspis_angusticeps,no,mature_seq,65,Plesiotypic,Plesiotypic
P0DQP2,no,mature_seq,65,Short-chain,Short-chain
NCBI|DENJA_GHPA01002461.1_C321_136|Dendroaspis_jamesoni_jamesoni,no,mature_seq,63,Non-standard,Short-chain
NCBI|DENJA_GHPA01003914.1_C250_53|Dendroaspis_jamesoni_jamesoni,no,mature_seq,65,Short-chain,Short-chain
NCBI|Dendroaspis_jamesoni_jamesoni_GHPA01000962|Dendroaspis_jamesoni_jamesoni,no,mature_seq,63,Plesiotypic,Plesiotypic
NCBI|DENJA_GHPA01003912.1_C199_11|Dendroaspis_jamesoni_jamesoni,no,mature_seq,63,Plesiotypic,Plesiotypic
NCBI|DENJA_GHPA01000569.1_C862_620|Dendroaspis_jamesoni_jamesoni,no,mature_seq,60,Short-chain,Short-chain
NCBI|DENJA_GHPA01001858.1_C359_156|Dendroaspis_jamesoni_jamesoni,no,mature_seq,68,Short-chain,Short-chain
NCBI|DENJA_GHPA01001931.1_C348_130|Dendroaspis_jamesoni_jamesoni,no,mature_seq,73,Non-standard,Long-chain
P01393,no,mature_seq,72,Long-chain,Long-chain
P01406,no,mature_seq,60,Short-chain,Short-chain
P01407,no,mature_seq,62,Non-standard,Non-standard
P01413,no,mature_seq,61,Non-standard,Non-standard
P01417,no,mature_seq,60,Short-chain,Short-chain
P01419,no,mature_seq,58,Short-chain,Short-chain
P25682,no,mature_seq,63,Plesiotypic,Plesiotypic
P25683,no,mature_seq,60,Short-chain,Short-chain
P28375,no,mature_seq,59,Non-standard,Non-standard
NCBI|DENJA_GHPB01001485.1_C349_161|Dendroaspis_jamesoni_kaimosae,no,mature_seq,63,Non-standard,Short-chain
NCBI|DENJA_GHPB01001718.1_C417_160|Dendroaspis_jamesoni_kaimosae,no,mature_seq,65,Short-chain,Short-chain
NCBI|DENJA_GHPB01001432.1_C457_203|Dendroaspis_jamesoni_kaimosae,no,mature_seq,64,Short-chain,Short-chain
NCBI|DENJA_GHPB01001482.1_C448_212|Dendroaspis_jamesoni_kaimosae,no,mature_seq,58,Short-chain,Short-chain
NCBI|DENJA_GHPB01001397.1_C449_192|Dendroaspis_jamesoni_kaimosae,no,mature_seq,65,Long-chain,Long-chain
None|Dendroaspis_polylepis_T2720|Dendroaspis_polylepis,no,mature_seq,65,Plesiotypic,Plesiotypic
A0A4P1LYC9,no,mature_seq,57,Short-chain,Short-chain
C0HJD7,no,mature_seq,72,Long-chain,Long-chain
P01396,no,mature_seq,72,Long-chain,Long-chain
P01397,no,mature_seq,72,Long-chain,Long-chain
P01414,no,mature_seq,60,Short-chain,Short-chain
P01416,no,mature_seq,60,Short-chain,Short-chain
P0DKR6,no,mature_seq,57,Short-chain,Short-chain
P0DKS3,no,mature_seq,57,Short-chain,Short-chain
P22947,no,mature_seq,60,Short-chain,Short-chain
P25518,no,mature_seq,65,Short-chain,Short-chain
P25667,no,mature_seq,72,Long-chain,Long-chain
P25681,no,mature_seq,61,Short-chain,Short-chain
P80494,no,mature_seq,66,Short-chain,Short-chain
P80495,no,mature_seq,65,Short-chain,Short-chain
P01394,no,mature_seq,72,Long-chain,Long-chain
P01395,no,mature_seq,73,Long-chain,Long-chain
P01405,no,mature_seq,60,Short-chain,Short-chain
P01418,no,mature_seq,60,Short-chain,Short-chain
NCBI|DENVI_GHPC01000454.1_C741_505|Dendroaspis_viridis,no,mature_seq,58,Non-standard,Non-standard
NCBI|DENVI_GHPC01002751.1_C265_29|Dendroaspis_viridis,no,mature_seq,58,Non-standard,Non-standard
NCBI|DENVI_GHPC01001497.1_C400_161|Dendroaspis_viridis,no,mature_seq,59,Short-chain,Short-chain
NCBI|DENVI_GHPC01001446.1_C417_214|Dendroaspis_viridis,no,mature_seq,68,Short-chain,Short-chain
NCBI|DENVI_GHPC01000299.1_C401_210|Dendroaspis_viridis,no,mature_seq,64,Non-standard,Non-standard
NCBI|DENVI_GHPC01001450.1_C441_235|Dendroaspis_viridis,no,mature_seq,68,Short-chain,Short-chain
NCBI|DENVI_GHPC01000122.1_C1190_987|Dendroaspis_viridis,no,mature_seq,66,Short-chain,Short-chain
NCBI|DENVI_GHPC01000776.1_C544_326|Dendroaspis_viridis,no,mature_seq,73,Short-chain,Short-chain
NCBI|DENVI_GHPC01002655.1_C305_51|Dendroaspis_viridis,no,mature_seq,64,Short-chain,Short-chain
NCBI|DENVI_GHPC01002805.1_C272_78|Dendroaspis_viridis,no,mature_seq,64,Short-chain,Short-chain
NCBI|DENVI_GHPC01003084.1_C271_53|Dendroaspis_viridis,no,mature_seq,73,Non-standard,Short-chain
NCBI|DENVI_GHPC01003265.1_C223_17|Dendroaspis_viridis,no,mature_seq,69,Short-chain,Short-chain
NCBI|DENVI_GHPC01002163.1_C239_108|Dendroaspis_viridis,no,mature_seq,46,Non-standard,Non-standard
NCBI|Dendroaspis_viridis_GHPC01002050|Dendroaspis_viridis,no,mature_seq,65,Plesiotypic,Plesiotypic
NCBI|Dendroaspis_viridis_GHPC01002196|Dendroaspis_viridis,no,mature_seq,63,Plesiotypic,Plesiotypic
NCBI|DENVI_GHPC01002119.1_C301_116|Dendroaspis_viridis,no,mature_seq,80,Plesiotypic,Plesiotypic
NCBI|DENVI_GHPC01001754.1_C391_149|Dendroaspis_viridis,no,mature_seq,60,Short-chain,Short-chain
NCBI|DENVI_GHPC01000454.1_C275_21|Dendroaspis_viridis,no,mature_seq,64,Short-chain,Short-chain
NCBI|DENVI_GHPC01000912.1_C482_285|Dendroaspis_viridis,no,mature_seq,66,Short-chain,Short-chain
NCBI|DENVI_GHPC01001280.1_C467_210|Dendroaspis_viridis,no,mature_seq,65,Short-chain,Short-chain
NCBI|DENVI_GHPC01001797.1_C357_163|Dendroaspis_viridis,no,mature_seq,64,Short-chain,Short-chain
NCBI|DENVI_GHPC01001205.1_C457_203|Dendroaspis_viridis,no,mature_seq,64,Long-chain,Long-chain
NCBI|DENVI_GHPC01001404.1_C400_188|Dendroaspis_viridis,no,mature_seq,71,Long-chain,Long-chain
R4G2F6,no,mature_seq,72,Long-chain,Long-chain
R4G2T5,no,mature_seq,72,Long-chain,Long-chain
R4G7G5,no,mature_seq,72,Long-chain,Long-chain
A7X3Q4,no,mature_seq,63,Non-standard,Non-standard
A7X3T2,no,mature_seq,73,Plesiotypic,Plesiotypic
A7X3U0,no,mature_seq,73,Plesiotypic,Plesiotypic
A7X6J0,no,mature_seq,67,Non-standard,Non-standard
F8J2B3,no,mature_seq,87,Long-chain,Long-chain
F8J2D6,no,mature_seq,87,Non-standard,Non-standard
F8J2D7,no,mature_seq,87,Long-chain,Long-chain
F8J2D8,no,mature_seq,71,Non-standard,Long-chain
F8J2D9,no,mature_seq,87,Long-chain,Long-chain
F8J2E1,no,mature_seq,71,Long-chain,Long-chain
F8J2E2,no,mature_seq,71,Long-chain,Long-chain
F8J2E3,no,mature_seq,67,Non-standard,Non-standard
F8J2E5,no,mature_seq,71,Long-chain,Long-chain
F8J2E6,no,mature_seq,67,Long-chain,Long-chain
F8J2E7,no,mature_seq,71,Long-chain,Long-chain
F8J2E8,no,mature_seq,67,Non-standard,Non-standard
F8J2E9,no,mature_seq,87,Long-chain,Long-chain
F8J2F0,no,mature_seq,71,Long-chain,Long-chain
F8J2F1,no,mature_seq,67,Long-chain,Long-chain
F8J2F2,no,mature_seq,67,Long-chain,Long-chain
F8J2G3,no,mature_seq,60,Short-chain,Short-chain
F8J2G5,no,mature_seq,57,Short-chain,Short-chain
F8J2G7,no,mature_seq,65,Non-standard,Non-standard
F8QZ63,no,mature_seq,57,Short-chain,Short-chain
R4FJQ3,no,mature_seq,72,Long-chain,Long-chain
R4G2U8,no,mature_seq,73,Long-chain,Long-chain
R4G7H1,no,mature_seq,85,Long-chain,Long-chain
A7X3M9,no,mature_seq,67,Plesiotypic,Plesiotypic
A7X3P2,no,mature_seq,59,Non-standard,Non-standard
A7X3P8,no,mature_seq,58,Non-standard,Non-standard
R4FJR7,no,mature_seq,58,Short-chain,Short-chain
R4G2G6,no,mature_seq,58,Short-chain,Short-chain
R4G2G7,no,mature_seq,62,Short-chain,Short-chain
R4G2G8,no,mature_seq,74,Long-chain,Long-chain
R4G2G9,no,mature_seq,71,Long-chain,Long-chain
R4G2W0,no,mature_seq,69,Long-chain,Long-chain
R4G7H5,no,mature_seq,58,Short-chain,Short-chain
None|Gaga_8|Gallus_gallus,no,mature_seq,89,Ly-6,Ly-6
None|Gaga_3|Gallus_gallus,no,mature_seq,107,Ly-6,Ly-6
None|Gaga_1|Gallus_gallus,no,mature_seq,102,Ly-6,Ly-6
None|Gaga_4|Gallus_gallus,no,mature_seq,106,Ly-6,Ly-6
None|Gaga_6|Gallus_gallus,no,mature_seq,106,Ly-6,Ly-6
None|Gaga_7|Gallus_gallus,no,mature_seq,106,Ly-6,Ly-6
None|Gaga_5|Gallus_gallus,no,mature_seq,107,Ly-6,Ly-6
None|Gaga_2|Gallus_gallus,no,mature_seq,107,Ly-6,Ly-6
NCBI|GLOIN_GHUB01014927.1_176_415|Gloydius_intermedius,no,mature_seq,59,Plesiotypic,Plesiotypic
NCBI|GLOIN_GHUB01014925.1_176_436|Gloydius_intermedius,no,mature_seq,66,Non-standard,Plesiotypic
NCBI|GLOIN_GHUB01072089.1_C300_49|Gloydius_intermedius,no,mature_seq,65,Plesiotypic,Plesiotypic
NCBI|GLOIN_GHUB01143089.1_C464_201|Gloydius_intermedius,no,mature_seq,67,Plesiotypic,Plesiotypic
None|Helicops_leopardinus_unigene312780|Helicops_leopardinus,no,mature_seq,61,Non-standard,Non-standard
None|Helicops_leopardinus_unigene488904|Helicops_leopardinus,no,mature_seq,61,Non-standard,Non-standard
None|Helicops_leopardinus_unigene312792|Helicops_leopardinus,no,mature_seq,58,Non-standard,Non-standard
NCBI|HELLE_OL366256.1_49_246|Helicops_leopardinus,no,mature_seq,66,Non-standard,Non-standard
NCBI|HELLE_OL366263.1_1_237|Helicops_leopardinus,no,mature_seq,58,Non-standard,Non-standard
None|Helicops_leopardinus_unigene57119|Helicops_leopardinus,no,mature_seq,61,Non-standard,Non-standard
NCBI|HELLE_OL366259.1_1_249|Helicops_leopardinus,no,mature_seq,62,Non-standard,Non-standard
NCBI|HELLE_OL366262.1_1_258|Helicops_leopardinus,no,mature_seq,65,Non-standard,Non-standard
None|Helicops_leopardinus_unigene312798|Helicops_leopardinus,no,mature_seq,61,Non-standard,Non-standard
None|Helicops_leopardinus_unigene490899|Helicops_leopardinus,no,mature_seq,61,Non-standard,Non-standard
NCBI|HELLE_OL366260.1_1_243|Helicops_leopardinus,no,mature_seq,62,Non-standard,Non-standard
None|Helicops_leopardinus_unigene312779|Helicops_leopardinus,no,mature_seq,56,Non-standard,Non-standard
None|Helicops_leopardinus_unigene488093|Helicops_leopardinus,no,mature_seq,56,Non-standard,Non-standard
B3EWH9,no,mature_seq,61,Short-chain,Short-chain
C0HJT5,no,mature_seq,65,Short-chain,Short-chain
P01402,no,mature_seq,57,Non-standard,Non-standard
P01425,no,mature_seq,61,Short-chain,Short-chain
P01433,no,mature_seq,61,Short-chain,Short-chain
P01471,no,mature_seq,61,Short-chain,Short-chain
P0DQH2,no,mature_seq,57,Short-chain,Short-chain
P24776,no,mature_seq,61,Short-chain,Short-chain
P24777,no,mature_seq,61,Short-chain,Short-chain
P24778,no,mature_seq,63,Short-chain,Short-chain
P25676,no,mature_seq,61,Short-chain,Short-chain
R4FJX3,no,mature_seq,86,Long-chain,Long-chain
R4G2H6,no,mature_seq,60,Short-chain,Short-chain
R4G2H7,no,mature_seq,84,Long-chain,Long-chain
R4G7I5,no,mature_seq,60,Short-chain,Short-chain
R4G7I7,no,mature_seq,72,Long-chain,Long-chain
NCBI|HETNA_OL366266.1_1_249|Heterodon_nasicus,no,mature_seq,62,Non-standard,Non-standard
None|Heterodon_nasicus_unigene14895|Heterodon_nasicus,no,mature_seq,61,Non-standard,Non-standard
None|Heterodon_nasicus_unigene2480|Heterodon_nasicus,no,mature_seq,61,Non-standard,Non-standard
None|Heterodon_nasicus_unigene384518|Heterodon_nasicus,no,mature_seq,61,Non-standard,Non-standard
None|Heterodon_nasicus_unigene617783|Heterodon_nasicus,no,mature_seq,61,Non-standard,Non-standard
E5RGJ8,no,mature_seq,83,Ly-6,Ly-6
H0YB12,no,mature_seq,72,Ly-6,Ly-6
O43653,no,mature_seq,103,Ly-6,Ly-6
O94772,no,mature_seq,115,Ly-6,Ly-6
P0DP57,no,mature_seq,75,Ly-6,Ly-6
P0DP58,no,mature_seq,96,Ly-6,Ly-6
P55000,no,mature_seq,81,Ly-6,Ly-6
Q14210,no,mature_seq,108,Ly-6,Ly-6
Q16553,no,mature_seq,111,Ly-6,Ly-6
Q17RY6,no,mature_seq,148,Ly-6,Ly-6
Q17RY6-2,no,mature_seq,88,Ly-6,Ly-6
Q6UXB3,no,mature_seq,103,Ly-6,Ly-6
Q8IV16,no,mature_seq,164,Ly-6,Ly-6
NCBI|NP_001153826.1|Homo_sapiens,no,mature_seq,103,Ly-6,Ly-6
None|Hosa_13|Homo_sapiens,no,mature_seq,111,Ly-6,Ly-6
NCBI|NP_076435.1|Homo_sapiens,no,mature_seq,111,Ly-6,Ly-6
R4FIP4,no,mature_seq,60,Short-chain,Short-chain
R4FIQ0,no,mature_seq,72,Long-chain,Long-chain
R4FK28,no,mature_seq,71,Long-chain,Long-chain
A8HDJ9,no,mature_seq,60,Short-chain,Short-chain
None|Hcur_SS00042983_m1|Hydrophis_curtus,no,mature_seq,60,Short-chain,Short-chain
None|Hcur_superscaf_587_797385_795811|Hydrophis_curtus,no,mature_seq,72,Long-chain,Long-chain
P25494,no,mature_seq,60,Short-chain,Short-chain
P62376,no,mature_seq,60,Short-chain,Short-chain
Q8UW27,no,mature_seq,60,Short-chain,Short-chain
Q8UW28,no,mature_seq,71,Long-chain,Long-chain
Q8UW29,no,mature_seq,71,Long-chain,Long-chain
P01437,no,mature_seq,60,Short-chain,Short-chain
P68413,no,mature_seq,60,Short-chain,Short-chain
P68415,no,mature_seq,60,Short-chain,Short-chain
P01380,no,mature_seq,70,Long-chain,Long-chain
P01381,no,mature_seq,72,Long-chain,Long-chain
A0A098M253,no,mature_seq,65,Non-standard,Non-standard
P0C8R6,no,mature_seq,69,Non-standard,Short-chain
P0C8R7,no,mature_seq,69,Non-standard,Short-chain
P0C8R8,no,mature_seq,69,Non-standard,Short-chain
P10455,no,mature_seq,62,Short-chain,Short-chain
P10456,no,mature_seq,62,Short-chain,Short-chain
P10457,no,mature_seq,62,Short-chain,Short-chain
Q9YGC7,no,mature_seq,62,Short-chain,Short-chain
P10458,no,mature_seq,62,Short-chain,Short-chain
P25495,no,mature_seq,62,Short-chain,Short-chain
P25496,no,mature_seq,62,Short-chain,Short-chain
P10459,no,mature_seq,62,Short-chain,Short-chain
P10460,no,mature_seq,62,Short-chain,Short-chain
Q9YGC2,no,mature_seq,62,Short-chain,Short-chain
Q9YGC4,no,mature_seq,62,Short-chain,Short-chain
Q9YGW8,no,mature_seq,62,Short-chain,Short-chain
Q9YGW9,no,mature_seq,62,Short-chain,Short-chain
P01379,no,mature_seq,66,Long-chain,Long-chain
P60775,no,mature_seq,62,Short-chain,Short-chain
Q7T2I5,no,mature_seq,62,Short-chain,Short-chain
Q90VW1,no,mature_seq,62,Short-chain,Short-chain
Q9YGX1,no,mature_seq,62,Short-chain,Short-chain
A7X3R6,no,mature_seq,64,Plesiotypic,Plesiotypic
NCBI|MALIN_GFTV01000051.1_C343_146|Malpolon_insignitus,no,mature_seq,66,Long-chain,Long-chain
NCBI|MALMO_OL366269.1_1_252|Malpolon_monspessulanus,no,mature_seq,63,Non-standard,Plesiotypic
None|Malpolon_monspessulanus_unigene50403|Malpolon_monspessulanus,no,mature_seq,62,Non-standard,Plesiotypic
A0A024AXD8,no,mature_seq,83,Long-chain,Long-chain
A0A024AXH2,no,mature_seq,83,Long-chain,Long-chain
A0A024AXY1,no,mature_seq,82,Long-chain,Long-chain
A0A024AYC2,no,mature_seq,62,Short-chain,Short-chain
F5CPD1,no,mature_seq,61,Short-chain,Short-chain
F5CPD2,no,mature_seq,62,Short-chain,Short-chain
F5CPD3,no,mature_seq,64,Short-chain,Short-chain
F5CPD4,no,mature_seq,63,Plesiotypic,Plesiotypic
F5CPD5,no,mature_seq,60,Short-chain,Short-chain
F5CPD6,no,mature_seq,62,Short-chain,Short-chain
F5CPD7,no,mature_seq,62,Short-chain,Short-chain
F5CPD8,no,mature_seq,60,Short-chain,Short-chain
F5CPD9,no,mature_seq,62,Short-chain,Short-chain
F5CPE0,no,mature_seq,59,Short-chain,Short-chain
F5CPE1,no,mature_seq,62,Short-chain,Short-chain
F5CPE2,no,mature_seq,61,Short-chain,Short-chain
F5CPE3,no,mature_seq,53,Short-chain,Short-chain
F5CPE4,no,mature_seq,62,Short-chain,Short-chain
F5CPE5,no,mature_seq,65,Short-chain,Short-chain
F5CPE6,no,mature_seq,63,Short-chain,Short-chain
F5CPE7,no,mature_seq,60,Short-chain,Short-chain
NCBI|MICAL_JG743131.1_7_255|Micrurus_altirostris,no,mature_seq,62,Short-chain,Short-chain
NCBI|MICAL_JG743827.1_16_264|Micrurus_altirostris,no,mature_seq,62,Short-chain,Short-chain
NCBI|MICAL_JG744005.1_7_258|Micrurus_altirostris,no,mature_seq,63,Non-standard,Short-chain
A0A0H4BEG5,no,mature_seq,61,Short-chain,Short-chain
A0A0H4BJD8,no,mature_seq,77,Short-chain,Short-chain
A0A0H4BLZ7,no,mature_seq,62,Short-chain,Short-chain
A0A0H4IRA8,no,mature_seq,66,Short-chain,Short-chain
A0A0H4IS74,no,mature_seq,58,Short-chain,Short-chain
A0A0H4IUN8,no,mature_seq,66,Short-chain,Short-chain
A0A0H4IVP7,no,mature_seq,60,Short-chain,Short-chain
A0A0H4J512,no,mature_seq,60,Short-chain,Short-chain
C0HK04,no,mature_seq,66,Short-chain,Short-chain
C6JUP0,no,mature_seq,61,Short-chain,Short-chain
C6JUP1,no,mature_seq,63,Short-chain,Short-chain
C6JUP2,no,mature_seq,67,Short-chain,Short-chain
C6JUP3,no,mature_seq,61,Short-chain,Short-chain
C6JUP4,no,mature_seq,58,Short-chain,Short-chain
C6JUP5,no,mature_seq,58,Short-chain,Short-chain
P58370,no,mature_seq,65,Plesiotypic,Plesiotypic
Q9PRI1,no,mature_seq,57,Short-chain,Short-chain
Q9PUB7,no,mature_seq,57,Short-chain,Short-chain
NCBI|MICCO_IACJ01133145.1_C312_76|Micrurus_corallinus,no,mature_seq,58,Short-chain,Short-chain
NCBI|MICCO_IACJ01130835.1_35_289|Micrurus_corallinus,no,mature_seq,64,Short-chain,Short-chain
NCBI|MICCO_IACJ01130841.1_35_289|Micrurus_corallinus,no,mature_seq,64,Short-chain,Short-chain
NCBI|MICCO_IACJ01157475.1_C340_104|Micrurus_corallinus,no,mature_seq,78,Short-chain,Short-chain
NCBI|MICCO_FL590874.1_84_269|Micrurus_corallinus,no,mature_seq,62,Short-chain,Short-chain
NCBI|MICCO_FL590954.1_1_240|Micrurus_corallinus,no,mature_seq,59,Short-chain,Short-chain
NCBI|MICCO_IACJ01078504.1_47_283|Micrurus_corallinus,no,mature_seq,58,Short-chain,Short-chain
NCBI|MICCO_IACJ01115251.1_10_243|Micrurus_corallinus,no,mature_seq,57,Short-chain,Short-chain
NCBI|MICCO_IACJ01122327.1_C319_116|Micrurus_corallinus,no,mature_seq,68,Short-chain,Short-chain
NCBI|MICCO_IACJ01122328.1_C319_116|Micrurus_corallinus,no,mature_seq,68,Short-chain,Short-chain
NCBI|MICCO_IACJ01122330.1_C352_116|Micrurus_corallinus,no,mature_seq,58,Short-chain,Short-chain
NCBI|MICCO_IACJ01155703.1_C232_2|Micrurus_corallinus,no,mature_seq,56,Short-chain,Short-chain
NCBI|MICCO_IACJ01079596.1_80_283|Micrurus_corallinus,no,mature_seq,68,Short-chain,Short-chain
NCBI|MICCO_FL590938.1_47_247|Micrurus_corallinus,no,mature_seq,67,Non-standard,Non-standard
NCBI|MICCO_FL590763.1_12_263|Micrurus_corallinus,no,mature_seq,66,Short-chain,Short-chain
NCBI|MICCO_IACJ01147547.1_C352_128|Micrurus_corallinus,no,mature_seq,57,Short-chain,Short-chain
NCBI|MICCO_IACJ01051156.1_C353_108|Micrurus_corallinus,no,mature_seq,61,Short-chain,Short-chain
NCBI|MICCO_IACJ01060045.1_C293_57|Micrurus_corallinus,no,mature_seq,78,Short-chain,Short-chain
NCBI|MICCO_IACJ01060046.1_C299_57|Micrurus_corallinus,no,mature_seq,64,Short-chain,Short-chain
NCBI|MICCO_IACJ01062266.1_C421_209|Micrurus_corallinus,no,mature_seq,71,Short-chain,Short-chain
NCBI|MICCO_IACJ01062270.1_C245_39|Micrurus_corallinus,no,mature_seq,69,Short-chain,Short-chain
NCBI|MICCO_IACJ01062272.1_C287_39|Micrurus_corallinus,no,mature_seq,62,Short-chain,Short-chain
NCBI|MICCO_IACJ01062273.1_C457_209|Micrurus_corallinus,no,mature_seq,62,Short-chain,Short-chain
NCBI|MICCO_IACJ01062274.1_C457_209|Micrurus_corallinus,no,mature_seq,62,Short-chain,Short-chain
NCBI|MICCO_IACJ01138867.1_C388_128|Micrurus_corallinus,no,mature_seq,66,Short-chain,Short-chain
NCBI|MICCO_FL591005.1_5_238|Micrurus_corallinus,no,mature_seq,57,Short-chain,Short-chain
A0A0G3YJD1,no,mature_seq,60,Short-chain,Short-chain
A0A0H4BEF7,no,mature_seq,62,Short-chain,Short-chain
A0A0H4BEG1,no,mature_seq,67,Short-chain,Short-chain
A0A0H4BFQ4,no,mature_seq,65,Short-chain,Short-chain
A0A0H4BKJ5,no,mature_seq,66,Short-chain,Short-chain
A0A0H4BLZ2,no,mature_seq,77,Short-chain,Short-chain
C0HLK5,no,mature_seq,66,Short-chain,Short-chain
P86420,no,mature_seq,56,Short-chain,Short-chain
P86421,no,mature_seq,59,Short-chain,Short-chain
P86422,no,mature_seq,62,Short-chain,Short-chain
P86423,no,mature_seq,64,Plesiotypic,Plesiotypic
P86424,no,mature_seq,64,Plesiotypic,Plesiotypic
A0A0F7YZP6,no,mature_seq,63,Short-chain,Short-chain
A0A0F7Z039,no,mature_seq,63,Short-chain,Short-chain
A0A0F7Z3S7,no,mature_seq,67,Short-chain,Short-chain
U3EPI1,no,mature_seq,66,Short-chain,Short-chain
U3EPL2,no,mature_seq,63,Short-chain,Short-chain
U3EPL9,no,mature_seq,58,Short-chain,Short-chain
U3EPM4,no,mature_seq,67,Short-chain,Short-chain
U3EPM9,no,mature_seq,65,Short-chain,Short-chain
U3F5B5,no,mature_seq,66,Short-chain,Short-chain
U3F5D3,no,mature_seq,67,Short-chain,Short-chain
U3F5E9,no,mature_seq,57,Short-chain,Short-chain
U3FAC0,no,mature_seq,66,Short-chain,Short-chain
U3FAE1,no,mature_seq,63,Short-chain,Short-chain
U3FAE7,no,mature_seq,67,Short-chain,Short-chain
U3FAF0,no,mature_seq,67,Short-chain,Short-chain
U3FVG5,no,mature_seq,66,Short-chain,Short-chain
U3FVG7,no,mature_seq,66,Short-chain,Short-chain
U3FVH6,no,mature_seq,63,Plesiotypic,Plesiotypic
U3FVH8,no,mature_seq,61,Short-chain,Short-chain
U3FVI0,no,mature_seq,58,Short-chain,Short-chain
U3FVI5,no,mature_seq,58,Short-chain,Short-chain
U3FYQ0,no,mature_seq,66,Short-chain,Short-chain
U3FYQ5,no,mature_seq,58,Short-chain,Short-chain
U3FYQ7,no,mature_seq,58,Short-chain,Short-chain
U3FYQ9,no,mature_seq,62,Short-chain,Short-chain
U3FYR0,no,mature_seq,58,Short-chain,Short-chain
A0A0G3YLL2,no,mature_seq,57,Short-chain,Short-chain
A0A0H4BFP9,no,mature_seq,58,Short-chain,Short-chain
A0A0H4BJD1,no,mature_seq,66,Short-chain,Short-chain
A0A0H4BKI7,no,mature_seq,58,Short-chain,Short-chain
A0A0H4BLY9,no,mature_seq,66,Short-chain,Short-chain
K9MCH1,no,mature_seq,60,Short-chain,Short-chain
K9MCX0,no,mature_seq,58,Short-chain,Short-chain
NCBI|MICLE_IACI01040496.1_87_287|Micrurus_lemniscatus_carvalhoi,no,mature_seq,67,Non-standard,Non-standard
NCBI|MICLE_IACI01006908.1_C324_85|Micrurus_lemniscatus_carvalhoi,no,mature_seq,59,Short-chain,Short-chain
NCBI|MICLE_IACI01031826.1_C308_96|Micrurus_lemniscatus_carvalhoi,no,mature_seq,71,Short-chain,Short-chain
NCBI|MICLE_IACI01044558.1_65_268|Micrurus_lemniscatus_carvalhoi,no,mature_seq,68,Short-chain,Short-chain
NCBI|MICLE_IACI01044606.1_1_216|Micrurus_lemniscatus_carvalhoi,no,mature_seq,71,Short-chain,Short-chain
NCBI|MICLE_IACI01115070.1_C396_142|Micrurus_lemniscatus_carvalhoi,no,mature_seq,64,Plesiotypic,Plesiotypic
NCBI|MICLE_IACI01104478.1_C425_174|Micrurus_lemniscatus_carvalhoi,no,mature_seq,66,Short-chain,Short-chain
NCBI|MICLE_IACI01080067.1_C243_43|Micrurus_lemniscatus_carvalhoi,no,mature_seq,67,Short-chain,Short-chain
NCBI|MICLE_IACI01044597.1_3_212|Micrurus_lemniscatus_carvalhoi,no,mature_seq,70,Short-chain,Short-chain
NCBI|MICLE_IACI01044503.1_1_195|Micrurus_lemniscatus_carvalhoi,no,mature_seq,65,Short-chain,Short-chain
NCBI|MICLE_IACK01196011.1_C295_38|Micrurus_lemniscatus_lemniscatus,no,mature_seq,65,Non-standard,Short-chain
NCBI|MICLE_IACK01242085.1_46_240|Micrurus_lemniscatus_lemniscatus,no,mature_seq,65,Short-chain,Short-chain
NCBI|MICLE_IACK01227912.1_2_244|Micrurus_lemniscatus_lemniscatus,no,mature_seq,60,Short-chain,Short-chain
NCBI|MICLE_IACK01193830.1_C315_121|Micrurus_lemniscatus_lemniscatus,no,mature_seq,65,Short-chain,Short-chain
NCBI|MICLE_IACK01227913.1_2_235|Micrurus_lemniscatus_lemniscatus,no,mature_seq,57,Short-chain,Short-chain
NCBI|MICLE_IACK01122846.1_2_205|Micrurus_lemniscatus_lemniscatus,no,mature_seq,68,Short-chain,Short-chain
NCBI|MICLE_IACK01125772.1_95_352|Micrurus_lemniscatus_lemniscatus,no,mature_seq,65,Short-chain,Short-chain
NCBI|MICLE_IACK01179260.1_41_280|Micrurus_lemniscatus_lemniscatus,no,mature_seq,59,Short-chain,Short-chain
NCBI|MICLE_IACK01116619.1_5_187|Micrurus_lemniscatus_lemniscatus,no,mature_seq,61,Short-chain,Short-chain
NCBI|MICLE_IACK01013110.1_53_289|Micrurus_lemniscatus_lemniscatus,no,mature_seq,58,Short-chain,Short-chain
NCBI|MICLE_IACK01022837.1_22_255|Micrurus_lemniscatus_lemniscatus,no,mature_seq,57,Short-chain,Short-chain
NCBI|MICLE_IACK01022838.1_1_171|Micrurus_lemniscatus_lemniscatus,no,mature_seq,57,Short-chain,Short-chain
NCBI|MICLE_IACK01096271.1_C304_71|Micrurus_lemniscatus_lemniscatus,no,mature_seq,57,Short-chain,Short-chain
NCBI|MICLE_IACK01096289.1_C230_3|Micrurus_lemniscatus_lemniscatus,no,mature_seq,55,Short-chain,Short-chain
NCBI|MICLE_IACK01242084.1_46_240|Micrurus_lemniscatus_lemniscatus,no,mature_seq,56,Short-chain,Short-chain
NCBI|MICLE_IACK01123615.1_32_220|Micrurus_lemniscatus_lemniscatus,no,mature_seq,63,Plesiotypic,Plesiotypic
NCBI|MICLE_IACK01184724.1_C364_110|Micrurus_lemniscatus_lemniscatus,no,mature_seq,64,Plesiotypic,Plesiotypic
NCBI|MICLE_IACK01034485.1_24_263|Micrurus_lemniscatus_lemniscatus,no,mature_seq,59,Short-chain,Short-chain
NCBI|MICLE_IACK01096229.1_C271_65|Micrurus_lemniscatus_lemniscatus,no,mature_seq,69,Short-chain,Short-chain
NCBI|MICLE_IACK01096260.1_C330_127|Micrurus_lemniscatus_lemniscatus,no,mature_seq,68,Short-chain,Short-chain
NCBI|MICLE_IACK01096291.1_C277_65|Micrurus_lemniscatus_lemniscatus,no,mature_seq,71,Short-chain,Short-chain
NCBI|MICLE_IACK01096292.1_C304_92|Micrurus_lemniscatus_lemniscatus,no,mature_seq,71,Short-chain,Short-chain
NCBI|MICLE_IACK01096298.1_C319_71|Micrurus_lemniscatus_lemniscatus,no,mature_seq,62,Short-chain,Short-chain
NCBI|MICLE_IACK01096299.1_C319_71|Micrurus_lemniscatus_lemniscatus,no,mature_seq,62,Short-chain,Short-chain
NCBI|MICLE_IACK01171799.1_C289_41|Micrurus_lemniscatus_lemniscatus,no,mature_seq,62,Short-chain,Short-chain
A0A2P1BSS8,no,mature_seq,61,Short-chain,Short-chain
A0A2P1BSS9,no,mature_seq,60,Short-chain,Short-chain
A0A2P1BST7,no,mature_seq,60,Short-chain,Short-chain
A0A2P1BSU3,no,mature_seq,58,Short-chain,Short-chain
B3EWF8,no,mature_seq,60,Short-chain,Short-chain
C0HJR1,no,mature_seq,64,Plesiotypic,Plesiotypic
C0HJR2,no,mature_seq,64,Plesiotypic,Plesiotypic
P80548,no,mature_seq,60,Short-chain,Short-chain
P0CAR1,no,mature_seq,60,Short-chain,Short-chain
NCBI|MICSP_IACM01156860.1_C373_146|Micrurus_spixii,no,mature_seq,75,Short-chain,Short-chain
NCBI|MICSP_IACM01022253.1_2_205|Micrurus_spixii,no,mature_seq,68,Short-chain,Short-chain
NCBI|MICSP_IACM01088188.1_C375_139|Micrurus_spixii,no,mature_seq,58,Short-chain,Short-chain
NCBI|MICSP_IACM01115014.1_C372_136|Micrurus_spixii,no,mature_seq,58,Short-chain,Short-chain
NCBI|MICSP_IACM01130693.1_C333_100|Micrurus_spixii,no,mature_seq,57,Short-chain,Short-chain
NCBI|MICSP_IACM01172481.1_C357_124|Micrurus_spixii,no,mature_seq,57,Short-chain,Short-chain
NCBI|MICSP_IACM01174987.1_42_281|Micrurus_spixii,no,mature_seq,59,Short-chain,Short-chain
NCBI|MICSP_IACM01092118.1_13_264|Micrurus_spixii,no,mature_seq,63,Short-chain,Short-chain
NCBI|MICSP_IACM01149051.1_C220_32|Micrurus_spixii,no,mature_seq,63,Plesiotypic,Plesiotypic
NCBI|MICSP_IACM01149052.1_C220_32|Micrurus_spixii,no,mature_seq,63,Plesiotypic,Plesiotypic
NCBI|MICSP_IACM01086450.1_C267_70|Micrurus_spixii,no,mature_seq,66,Non-standard,Short-chain
NCBI|MICSP_IACM01029668.1_3_191|Micrurus_spixii,no,mature_seq,63,Short-chain,Short-chain
NCBI|MICSP_IACM01029686.1_3_191|Micrurus_spixii,no,mature_seq,63,Short-chain,Short-chain
NCBI|MICSP_IACM01029730.1_3_206|Micrurus_spixii,no,mature_seq,67,Non-standard,Short-chain
NCBI|MICSP_IACM01128650.1_C296_48|Micrurus_spixii,no,mature_seq,62,Short-chain,Short-chain
NCBI|MICSP_IACM01148308.1_C341_108|Micrurus_spixii,no,mature_seq,77,Short-chain,Short-chain
P86094,no,mature_seq,58,Short-chain,Short-chain
P86095,no,mature_seq,59,Short-chain,Short-chain
P86096,no,mature_seq,64,Plesiotypic,Plesiotypic
P86097,no,mature_seq,60,Short-chain,Short-chain
P86098,no,mature_seq,64,Plesiotypic,Plesiotypic
P86099,no,mature_seq,64,Plesiotypic,Plesiotypic
NCBI|MICSU_IACN01048942.1_C402_145|Micrurus_surinamensis,no,mature_seq,65,Short-chain,Short-chain
NCBI|MICSU_IACN01077346.1_C348_109|Micrurus_surinamensis,no,mature_seq,59,Short-chain,Short-chain
NCBI|MICSU_IACN01080103.1_C346_110|Micrurus_surinamensis,no,mature_seq,58,Short-chain,Short-chain
NCBI|MICSU_IACN01083611.1_C321_118|Micrurus_surinamensis,no,mature_seq,68,Short-chain,Short-chain
NCBI|MICSU_IACN01083613.1_C321_118|Micrurus_surinamensis,no,mature_seq,68,Short-chain,Short-chain
NCBI|MICSU_IACN01083857.1_C448_215|Micrurus_surinamensis,no,mature_seq,57,Short-chain,Short-chain
NCBI|MICSU_IACN01083858.1_C259_26|Micrurus_surinamensis,no,mature_seq,57,Short-chain,Short-chain
NCBI|MICSU_IACN01083864.1_C451_215|Micrurus_surinamensis,no,mature_seq,58,Short-chain,Short-chain
NCBI|MICSU_IACN01095837.1_C328_134|Micrurus_surinamensis,no,mature_seq,64,Short-chain,Short-chain
NCBI|MICSU_IACN01100666.1_C226_26|Micrurus_surinamensis,no,mature_seq,66,Short-chain,Short-chain
NCBI|MICSU_IACN01003279.1_C250_56|Micrurus_surinamensis,no,mature_seq,64,Non-standard,Non-standard
NCBI|MICSU_IACN01093897.1_C387_133|Micrurus_surinamensis,no,mature_seq,64,Non-standard,Non-standard
NCBI|MICSU_IACN01100674.1_3_242|Micrurus_surinamensis,no,mature_seq,80,Non-standard,Plesiotypic
NCBI|MICSU_IACN01070774.1_C229_26|Micrurus_surinamensis,no,mature_seq,68,Non-standard,Non-standard
NCBI|MICSU_IACN01070786.1_C214_26|Micrurus_surinamensis,no,mature_seq,63,Non-standard,Non-standard
NCBI|MICSU_IACN01099285.1_C780_583|Micrurus_surinamensis,no,mature_seq,66,Non-standard,Short-chain
NCBI|MICSU_IACN01019456.1_2_211|Micrurus_surinamensis,no,mature_seq,70,Non-standard,Short-chain
NCBI|MICSU_IACN01019457.1_2_187|Micrurus_surinamensis,no,mature_seq,62,Short-chain,Short-chain
NCBI|MICSU_IACN01037374.1_29_277|Micrurus_surinamensis,no,mature_seq,62,Short-chain,Short-chain
NCBI|MICSU_IACN01070775.1_C305_84|Micrurus_surinamensis,no,mature_seq,74,Non-standard,Short-chain
NCBI|MICSU_IACN01070777.1_C297_49|Micrurus_surinamensis,no,mature_seq,62,Short-chain,Short-chain
NCBI|MICSU_IACN01111607.1_C418_212|Micrurus_surinamensis,no,mature_seq,69,Non-standard,Short-chain
A0A0H4IRB3,no,mature_seq,67,Short-chain,Short-chain
A0A0H4IS80,no,mature_seq,62,Short-chain,Short-chain
A0A0H4IUP1,no,mature_seq,61,Short-chain,Short-chain
A0A0H4IVQ6,no,mature_seq,67,Short-chain,Short-chain
A0A0H4J521,no,mature_seq,58,Short-chain,Short-chain
A0A194APB1,no,mature_seq,66,Short-chain,Short-chain
A0A194APE1,no,mature_seq,67,Short-chain,Short-chain
A0A194APF0,no,mature_seq,65,Short-chain,Short-chain
A0A194APG0,no,mature_seq,67,Non-standard,Short-chain
A0A194APG5,no,mature_seq,63,Short-chain,Short-chain
A0A194APH0,no,mature_seq,63,Short-chain,Short-chain
A0A194APH5,no,mature_seq,58,Short-chain,Short-chain
A0A194API9,no,mature_seq,61,Short-chain,Short-chain
A0A194ARB2,no,mature_seq,67,Short-chain,Short-chain
A0A194ARB6,no,mature_seq,65,Short-chain,Short-chain
A0A194ARC1,no,mature_seq,58,Short-chain,Short-chain
A0A194ARC5,no,mature_seq,58,Short-chain,Short-chain
A0A194ARH7,no,mature_seq,67,Short-chain,Short-chain
A0A194ARJ0,no,mature_seq,57,Short-chain,Short-chain
A0A194ARJ5,no,mature_seq,63,Short-chain,Short-chain
A0A194ARK4,no,mature_seq,58,Short-chain,Short-chain
A0A194ARK8,no,mature_seq,66,Short-chain,Short-chain
A0A194ASD1,no,mature_seq,67,Short-chain,Short-chain
A0A194ASE0,no,mature_seq,60,Short-chain,Short-chain
A0A194ASE2,no,mature_seq,57,Short-chain,Short-chain
A0A194ASE3,no,mature_seq,64,Short-chain,Short-chain
A0A194ASE5,no,mature_seq,63,Short-chain,Short-chain
A0A194ASF5,no,mature_seq,62,Short-chain,Short-chain
A0A194AT81,no,mature_seq,66,Short-chain,Short-chain
A0A194ATA3,no,mature_seq,67,Short-chain,Short-chain
A0A194ATA6,no,mature_seq,67,Short-chain,Short-chain
A0A194ATB0,no,mature_seq,60,Short-chain,Short-chain
A0A194ATB5,no,mature_seq,58,Short-chain,Short-chain
A0A194ATC0,no,mature_seq,63,Short-chain,Short-chain
A0A194ATC3,no,mature_seq,63,Short-chain,Short-chain
A0A194ATD1,no,mature_seq,66,Short-chain,Short-chain
A0A194ATD7,no,mature_seq,61,Non-standard,Non-standard
P01389,no,mature_seq,72,Long-chain,Long-chain
P34074,no,mature_seq,71,Long-chain,Long-chain
P34075,no,mature_seq,61,Short-chain,Short-chain
P01399,no,mature_seq,65,Plesiotypic,Plesiotypic
P01420,no,mature_seq,61,Short-chain,Short-chain
P01421,no,mature_seq,61,Short-chain,Short-chain
P01422,no,mature_seq,61,Short-chain,Short-chain
P01453,no,mature_seq,60,Short-chain,Short-chain
P01454,no,mature_seq,60,Short-chain,Short-chain
P01455,no,mature_seq,60,Short-chain,Short-chain
P01459,no,mature_seq,60,Short-chain,Short-chain
P01460,no,mature_seq,60,Short-chain,Short-chain
P01461,no,mature_seq,60,Short-chain,Short-chain
P01462,no,mature_seq,69,Short-chain,Short-chain
P01464,no,mature_seq,60,Short-chain,Short-chain
P01465,no,mature_seq,60,Short-chain,Short-chain
P01466,no,mature_seq,60,Short-chain,Short-chain
P25677,no,mature_seq,60,Short-chain,Short-chain
P25678,no,mature_seq,61,Short-chain,Short-chain
P62390,no,mature_seq,62,Short-chain,Short-chain
P68417,no,mature_seq,61,Short-chain,Short-chain
E2ITZ6,no,mature_seq,63,Plesiotypic,Plesiotypic
E2ITZ7,no,mature_seq,60,Short-chain,Short-chain
O93422,no,mature_seq,65,Plesiotypic,Plesiotypic
P01442,no,mature_seq,60,Short-chain,Short-chain
P01443,no,mature_seq,60,Short-chain,Short-chain
P07525,no,mature_seq,60,Short-chain,Short-chain
P0DUK7,no,mature_seq,62,Short-chain,Short-chain
P49122,no,mature_seq,61,Short-chain,Short-chain
P49123,no,mature_seq,60,Short-chain,Short-chain
P60304,no,mature_seq,60,Short-chain,Short-chain
P60306,no,mature_seq,60,Short-chain,Short-chain
P60307,no,mature_seq,60,Short-chain,Short-chain
P60308,no,mature_seq,60,Short-chain,Short-chain
P60309,no,mature_seq,60,Short-chain,Short-chain
P60770,no,mature_seq,62,Short-chain,Short-chain
P60814,no,mature_seq,65,Plesiotypic,Plesiotypic
P79810,no,mature_seq,60,Short-chain,Short-chain
P80245,no,mature_seq,60,Short-chain,Short-chain
P80958,no,mature_seq,61,Short-chain,Short-chain
Q8UUK0,no,mature_seq,61,Short-chain,Short-chain
Q91124,no,mature_seq,60,Short-chain,Short-chain
Q91126,no,mature_seq,62,Short-chain,Short-chain
Q91135,no,mature_seq,60,Short-chain,Short-chain
Q91136,no,mature_seq,60,Short-chain,Short-chain
Q91137,no,mature_seq,62,Short-chain,Short-chain
Q98956,no,mature_seq,60,Short-chain,Short-chain
Q98957,no,mature_seq,60,Short-chain,Short-chain
Q98958,no,mature_seq,60,Short-chain,Short-chain
Q98959,no,mature_seq,60,Short-chain,Short-chain
Q98960,no,mature_seq,60,Short-chain,Short-chain
Q98961,no,mature_seq,60,Short-chain,Short-chain
Q98962,no,mature_seq,60,Short-chain,Short-chain
Q98965,no,mature_seq,61,Short-chain,Short-chain
Q9W6W6,no,mature_seq,60,Short-chain,Short-chain
Q9W6W9,no,mature_seq,60,Short-chain,Short-chain
Q9W716,no,mature_seq,62,Short-chain,Short-chain
Q9YGI1,no,mature_seq,65,Plesiotypic,Plesiotypic
Q9YGI4,no,mature_seq,65,Plesiotypic,Plesiotypic
P34076,no,mature_seq,62,Short-chain,Short-chain
NCBI|NAJHA_GHRV01000814.1_C597_352|Naja_haje,no,mature_seq,61,Short-chain,Short-chain
NCBI|NAJHA_GHRV01002244.1_C372_184|Naja_haje,no,mature_seq,63,Plesiotypic,Plesiotypic
P01401,no,mature_seq,65,Plesiotypic,Plesiotypic
P01415,no,mature_seq,61,Short-chain,Short-chain
P01457,no,mature_seq,60,Short-chain,Short-chain
P25674,no,mature_seq,71,Long-chain,Long-chain
P25675,no,mature_seq,61,Short-chain,Short-chain
P01391,no,mature_seq,71,Long-chain,Long-chain
P01445,no,mature_seq,60,Short-chain,Short-chain
P01446,no,mature_seq,60,Short-chain,Short-chain
P0CH80,no,mature_seq,60,Short-chain,Short-chain
P0DSM9,no,mature_seq,53,Non-standard,Non-standard
P0DSN0,no,mature_seq,61,Short-chain,Short-chain
P14541,no,mature_seq,62,Short-chain,Short-chain
P14613,no,mature_seq,62,Short-chain,Short-chain
P24779,no,mature_seq,60,Short-chain,Short-chain
P25679,no,mature_seq,64,Plesiotypic,Plesiotypic
P59275,no,mature_seq,61,Short-chain,Short-chain
P59276,no,mature_seq,61,Short-chain,Short-chain
P82462,no,mature_seq,65,Short-chain,Short-chain
P82463,no,mature_seq,65,Short-chain,Short-chain
P82464,no,mature_seq,65,Short-chain,Short-chain
P82849,no,mature_seq,62,Short-chain,Short-chain
P82935,no,mature_seq,65,Plesiotypic,Plesiotypic
Q9DGH9,no,mature_seq,60,Short-chain,Short-chain
P01383,no,mature_seq,71,Long-chain,Long-chain
P01388,no,mature_seq,71,Long-chain,Long-chain
P01400,no,mature_seq,65,Plesiotypic,Plesiotypic
P01424,no,mature_seq,61,Short-chain,Short-chain
P01448,no,mature_seq,60,Short-chain,Short-chain
P01473,no,mature_seq,61,Short-chain,Short-chain
P01474,no,mature_seq,61,Short-chain,Short-chain
P0DQQ1,no,mature_seq,72,Long-chain,Long-chain
P0DQQ2,no,mature_seq,71,Long-chain,Long-chain
P01431,no,mature_seq,62,Short-chain,Short-chain
P01432,no,mature_seq,69,Short-chain,Short-chain
P01452,no,mature_seq,60,Short-chain,Short-chain
P01467,no,mature_seq,60,Short-chain,Short-chain
P01469,no,mature_seq,60,Short-chain,Short-chain
P01470,no,mature_seq,60,Short-chain,Short-chain
P25517,no,mature_seq,60,Short-chain,Short-chain
C0HM08,no,mature_seq,62,Short-chain,Short-chain
C0HM09,no,mature_seq,71,Long-chain,Long-chain
P01440,no,mature_seq,60,Short-chain,Short-chain
P01447,no,mature_seq,60,Short-chain,Short-chain
P24780,no,mature_seq,60,Short-chain,Short-chain
P25668,no,mature_seq,71,Long-chain,Long-chain
P25669,no,mature_seq,71,Long-chain,Long-chain
P25671,no,mature_seq,71,Long-chain,Long-chain
P25672,no,mature_seq,71,Long-chain,Long-chain
P25673,no,mature_seq,71,Long-chain,Long-chain
P29179,no,mature_seq,62,Plesiotypic,Plesiotypic
P29180,no,mature_seq,65,Plesiotypic,Plesiotypic
P29181,no,mature_seq,65,Plesiotypic,Plesiotypic
P29182,no,mature_seq,65,Plesiotypic,Plesiotypic
P86382,no,mature_seq,60,Short-chain,Short-chain
P86538,no,mature_seq,60,Short-chain,Short-chain
P86540,no,mature_seq,60,Short-chain,Short-chain
P86541,no,mature_seq,60,Short-chain,Short-chain
NCBI|Nana_c3_dn_17|Naja_naja,no,mature_seq,65,Non-standard,Non-standard
None|Nana_c3_16|Naja_naja,no,mature_seq,60,Non-standard,Non-standard
None|Nana_c3_dn_19|Naja_naja,no,mature_seq,65,Non-standard,Non-standard
None|Nana_c3_dn_25|Naja_naja,no,mature_seq,89,Ly-6,Plesiotypic
None|Nana_c3_8|Naja_naja,no,mature_seq,104,Ly-6,Plesiotypic
None|Nana_c3_dn_12|Naja_naja,no,mature_seq,57,Non-standard,Non-standard
None|Nana_c3_dn_15|Naja_naja,no,mature_seq,60,Short-chain,Short-chain
None|Nnaj_SOZL01001066_1_np121212_gene_1_mRNA_2|Naja_naja,no,mature_seq,62,Short-chain,Short-chain
None|Nnaj_SOZL01001066_1_np121212_gene_1_mRNA_3|Naja_naja,no,mature_seq,62,Short-chain,Short-chain
None|Nana_c3_dn_7|Naja_naja,no,mature_seq,104,Ly-6,Plesiotypic
None|Nana_c3_dn_10|Naja_naja,no,mature_seq,106,Ly-6,Plesiotypic
None|Nana_c3_11|Naja_naja,no,mature_seq,106,Ly-6,Plesiotypic
None|Nana_c3_dn_9|Naja_naja,no,mature_seq,96,Ly-6,Pre-3FTx
NCBI|Nnaj_CM019150_1_np121212_gene_1_mRNA_10|Naja_naja,no,mature_seq,52,Non-standard,Non-standard
NCBI|Nnaj_CM019150_1_np121212_gene_1_mRNA_15|Naja_naja,no,mature_seq,52,Non-standard,Non-standard
NCBI|Nnaj_CM019150_1_np121212_gene_1_mRNA_14|Naja_naja,no,mature_seq,60,Short-chain,Short-chain
None|Nana_c3_dn_14|Naja_naja,no,mature_seq,60,Short-chain,Short-chain
None|Nana_c3_dn_18|Naja_naja,no,mature_seq,60,Short-chain,Short-chain
None|Nana_c3_dn_20|Naja_naja,no,mature_seq,60,Short-chain,Short-chain
None|Nana_c3_dn_26|Naja_naja,no,mature_seq,63,Short-chain,Short-chain
None|Nana_c3_dn_27|Naja_naja,no,mature_seq,58,Short-chain,Short-chain
None|Nnaj_SOZL01001066_1_np121212_gene_1_mRNA_4|Naja_naja,no,mature_seq,60,Short-chain,Short-chain
None|ScVE01q_1072_HRSCAF_1231_-_33|Naja_naja,no,mature_seq,51,Short-chain,unknown
None|ScVE01q_1072_HRSCAF_1231_-_32|Naja_naja,no,mature_seq,62,Short-chain,unknown
NCBI|Nnaj_CM019150_1_np121212_gene_1_mRNA_12|Naja_naja,no,mature_seq,65,Short-chain,Short-chain
None|Nana_c3_28|Naja_naja,no,mature_seq,64,Short-chain,Short-chain
None|Nana_c3_dn_23|Naja_naja,no,mature_seq,68,Short-chain,Short-chain
None|Nana_c3_dn_24|Naja_naja,no,mature_seq,65,Short-chain,Short-chain
None|Nnaj_SOZL01001066_1_np121212_gene_1_mRNA_1|Naja_naja,no,mature_seq,65,Short-chain,Short-chain
NCBI|Nnaj_CM019150_1_np121212_gene_1_mRNA_7_mka|Naja_naja,no,mature_seq,90,Non-standard,Plesiotypic
None|Nana_c1_1|Naja_naja,no,mature_seq,72,Non-standard,Non-standard
NCBI|Nnaj_CM019150_1_np121212_gene_1_mRNA_6_mka|Naja_naja,no,mature_seq,59,Plesiotypic,Plesiotypic
None|Nana_c3_dn_5|Naja_naja,no,mature_seq,68,Non-standard,Plesiotypic
NCBI|Nnaj_CM019150_1_np121212_gene_1_mRNA_3|Naja_naja,no,mature_seq,65,Plesiotypic,Plesiotypic
NCBI|Nnaj_CM019151_1_np121212_gene_1_mRNA_1|Naja_naja,no,mature_seq,65,Plesiotypic,Plesiotypic
None|Nana_c3_dn_2|Naja_naja,no,mature_seq,65,Plesiotypic,Plesiotypic
None|Nana_c3_dn_3|Naja_naja,no,mature_seq,65,Plesiotypic,Plesiotypic
None|Nana_c3_dn_6|Naja_naja,no,mature_seq,65,Short-chain,Short-chain
None|Nana_c4_dn_1|Naja_naja,no,mature_seq,65,Plesiotypic,Plesiotypic
None|Nana_c3_dn_1|Naja_naja,no,mature_seq,61,Short-chain,Short-chain
None|Nana_c3_dn_4|Naja_naja,no,mature_seq,61,Short-chain,Short-chain
NCBI|Nnaj_CM019150_1_np121212_gene_1_mRNA_11|Naja_naja,no,mature_seq,71,Long-chain,Long-chain
P0DSN1,no,mature_seq,60,Short-chain,Short-chain
NCBI|NAJMO_GIJF01002765.1_C269_63|Naja_nigricollis,no,mature_seq,69,Short-chain,Short-chain
NCBI|NAJNI_GIJG01001078.1_C500_294|Naja_nigricollis,no,mature_seq,69,Short-chain,Short-chain
NCBI|NAJNI_GIJG01001632.1_C398_189|Naja_nigricollis,no,mature_seq,70,Short-chain,Short-chain
NCBI|NAJNI_GIJG01001188.1_C432_220|Naja_nigricollis,no,mature_seq,71,Short-chain,Short-chain
NCBI|NAJNI_GIJG01001191.1_C479_237|Naja_nigricollis,no,mature_seq,60,Short-chain,Short-chain
NCBI|NAJMO_GIJF01000822.1_C570_316|Naja_nigricollis,no,mature_seq,64,Short-chain,Short-chain
NCBI|NAJMO_GIJF01000694.1_C620_375|Naja_nigricollis,no,mature_seq,61,Short-chain,Short-chain
P01390,no,mature_seq,71,Long-chain,Long-chain
P01423,no,mature_seq,61,Short-chain,Short-chain
P01456,no,mature_seq,60,Short-chain,Short-chain
P01458,no,mature_seq,60,Short-chain,Short-chain
P01463,no,mature_seq,60,Short-chain,Short-chain
P25680,no,mature_seq,65,Plesiotypic,Plesiotypic
NCBI|NAJNI_GIJH01000756.1_C445_239|Naja_nivea,no,mature_seq,69,Short-chain,Short-chain
NCBI|NAJNI_GIJH01000740.1_C512_282|Naja_nivea,no,mature_seq,76,Short-chain,Short-chain
NCBI|NAJNU_GIJI01001525.1_C450_190|Naja_nubiae,no,mature_seq,87,Non-standard,Non-standard
NCBI|NAJNU_GIJI01000015.1_C2405_2196|Naja_nubiae,no,mature_seq,70,Short-chain,Short-chain
NCBI|NAJNU_GIJI01001548.1_C448_212|Naja_nubiae,no,mature_seq,79,Short-chain,Short-chain
NCBI|NAJNU_GIJI01001829.1_C373_116|Naja_nubiae,no,mature_seq,65,Plesiotypic,Plesiotypic
NCBI|NAJNU_GIJI01000526.1_C465_223|Naja_nubiae,no,mature_seq,60,Short-chain,Short-chain
NCBI|NAJNU_GIJI01001024.1_C456_214|Naja_nubiae,no,mature_seq,60,Short-chain,Short-chain
NCBI|NAJNU_GIJI01001285.1_C460_209|Naja_nubiae,no,mature_seq,63,Long-chain,Long-chain
P01382,no,mature_seq,73,Long-chain,Long-chain
P01441,no,mature_seq,60,Short-chain,Short-chain
P01451,no,mature_seq,60,Short-chain,Short-chain
P85520,no,mature_seq,65,Plesiotypic,Plesiotypic
Q9PS34,no,mature_seq,60,Short-chain,Short-chain
P01426,no,mature_seq,61,Short-chain,Short-chain
P01468,no,mature_seq,60,Short-chain,Short-chain
NCBI|NAJPA_GIJJ01000770.1_C467_213|Naja_pallida,no,mature_seq,64,Short-chain,Short-chain
NCBI|NAJPA_GIJJ01001129.1_C372_115|Naja_pallida,no,mature_seq,65,Short-chain,Short-chain
NCBI|NAJPA_GIJJ01001759.1_C249_13|Naja_pallida,no,mature_seq,65,Short-chain,Short-chain
P60773,no,mature_seq,61,Short-chain,Short-chain
NCBI|NAJPH_GIJK01000704.1_C431_213|Naja_philippinensis,no,mature_seq,73,Short-chain,Short-chain
NCBI|NAJPH_GIJK01000105.1_C1082_864|Naja_philippinensis,no,mature_seq,73,Non-standard,Short-chain
NCBI|NAJPH_GIJK01000671.1_C406_203|Naja_philippinensis,no,mature_seq,68,Non-standard,Short-chain
NCBI|NAJPH_GIJK01001248.1_C249_16|Naja_philippinensis,no,mature_seq,77,Non-standard,Short-chain
P83345,no,mature_seq,60,Short-chain,Short-chain
NCBI|NAJSI_GIJL01000963.1_C467_213|Naja_siamensis,no,mature_seq,64,Short-chain,Short-chain
NCBI|NAJSI_GIJL01002105.1_C250_44|Naja_siamensis,no,mature_seq,68,Long-chain,Long-chain
O42255,no,mature_seq,65,Plesiotypic,Plesiotypic
O42256,no,mature_seq,65,Plesiotypic,Plesiotypic
O42257,no,mature_seq,69,Long-chain,Long-chain
O57326,no,mature_seq,62,Short-chain,Short-chain
O57327,no,mature_seq,62,Short-chain,Short-chain
O73856,no,mature_seq,60,Short-chain,Short-chain
O93471,no,mature_seq,60,Short-chain,Short-chain
O93472,no,mature_seq,60,Non-standard,Non-standard
O93473,no,mature_seq,60,Short-chain,Short-chain
P60302,no,mature_seq,60,Short-chain,Short-chain
P60311,no,mature_seq,60,Short-chain,Short-chain
P60772,no,mature_seq,61,Short-chain,Short-chain
Q802B2,no,mature_seq,65,Plesiotypic,Plesiotypic
Q802B3,no,mature_seq,65,Plesiotypic,Plesiotypic
Q9PSN6,no,mature_seq,62,Short-chain,Short-chain
Q9W7I3,no,mature_seq,65,Plesiotypic,Plesiotypic
Q9YGJ5,no,mature_seq,62,Short-chain,Short-chain
Q9YGJ6,no,mature_seq,62,Short-chain,Short-chain
NCBI|NAJSU_GIJM01004954.1_C362_117|Naja_subfulva,no,mature_seq,61,Non-standard,Non-standard
NCBI|NAJSU_GIJM01003193.1_C499_266|Naja_subfulva,no,mature_seq,77,Short-chain,Short-chain
NCBI|NAJSU_GIJM01003678.1_C291_61|Naja_subfulva,no,mature_seq,56,Short-chain,Short-chain
NCBI|NAJSU_GIJM01004065.1_C446_207|Naja_subfulva,no,mature_seq,62,Short-chain,Short-chain
NCBI|NAJSU_GIJM01000709.1_C501_238|Naja_subfulva,no,mature_seq,67,Plesiotypic,Plesiotypic
NCBI|NAJSU_GIJM01004310.1_C401_147|Naja_subfulva,no,mature_seq,64,Plesiotypic,Plesiotypic
NCBI|NAJSU_GIJM01002726.1_C453_214|Naja_subfulva,no,mature_seq,65,Short-chain,Short-chain
NCBI|NAJSU_GIJM01003176.1_C489_247|Naja_subfulva,no,mature_seq,60,Non-standard,Non-standard
NCBI|NAJSU_GIJM01003137.1_C418_212|Naja_subfulva,no,mature_seq,69,Short-chain,Short-chain
NCBI|NAJSU_GIJM01003258.1_C442_182|Naja_subfulva,no,mature_seq,66,Long-chain,Long-chain
NCBI|NAJSU_GIJM01003390.1_C487_248|Naja_subfulva,no,mature_seq,80,Long-chain,Long-chain
NCBI|NAJSU_GIJN01002005.1_C525_271|Naja_sumatrana,no,mature_seq,64,Plesiotypic,Plesiotypic
A8HDK0,no,mature_seq,60,Short-chain,Short-chain
P01384,no,mature_seq,73,Long-chain,Long-chain
A0A098LWU4,no,mature_seq,85,Plesiotypic,Plesiotypic
A0A098LWV3,no,mature_seq,67,Non-standard,Non-standard
A0A098LYB1,no,mature_seq,65,Plesiotypic,Plesiotypic
A8N285,no,mature_seq,72,Long-chain,Long-chain
A8N286,no,mature_seq,65,Short-chain,Short-chain
C5ILC5,no,mature_seq,72,Long-chain,Long-chain
P01386,no,mature_seq,73,Long-chain,Long-chain
P01387,no,mature_seq,73,Long-chain,Long-chain
P01412,no,mature_seq,62,Short-chain,Short-chain
P07526,no,mature_seq,73,Long-chain,Long-chain
P80156,no,mature_seq,72,Long-chain,Long-chain
P80965,no,mature_seq,72,Long-chain,Long-chain
P82662,no,mature_seq,70,Long-chain,Long-chain
P83302,no,mature_seq,57,Short-chain,Short-chain
Q2VBN0,no,mature_seq,65,Short-chain,Short-chain
Q2VBN1,no,mature_seq,65,Short-chain,Short-chain
Q2VBN2,no,mature_seq,65,Plesiotypic,Plesiotypic
Q2VBN3,no,mature_seq,62,Short-chain,Short-chain
Q2VBN4,no,mature_seq,63,Short-chain,Short-chain
Q2VBN5,no,mature_seq,63,Short-chain,Short-chain
Q2VBN7,no,mature_seq,63,Short-chain,Short-chain
Q2VBN8,no,mature_seq,63,Short-chain,Short-chain
Q2VBN9,no,mature_seq,57,Short-chain,Short-chain
Q2VBP0,no,mature_seq,57,Short-chain,Short-chain
Q2VBP2,no,mature_seq,57,Short-chain,Short-chain
Q2VBP3,no,mature_seq,73,Long-chain,Long-chain
Q2VBP4,no,mature_seq,70,Long-chain,Long-chain
Q2VBP5,no,mature_seq,72,Non-standard,Non-standard
Q2VBP6,no,mature_seq,73,Long-chain,Long-chain
Q2VBP8,no,mature_seq,73,Long-chain,Long-chain
Q53B46,no,mature_seq,63,Short-chain,Short-chain
Q53B47,no,mature_seq,57,Short-chain,Short-chain
Q53B48,no,mature_seq,57,Short-chain,Short-chain
Q53B49,no,mature_seq,65,Short-chain,Short-chain
Q53B50,no,mature_seq,56,Short-chain,Short-chain
Q53B52,no,mature_seq,57,Short-chain,Short-chain
Q53B53,no,mature_seq,70,Long-chain,Long-chain
Q53B54,no,mature_seq,72,Long-chain,Long-chain
Q53B55,no,mature_seq,75,Non-standard,Non-standard
Q53B56,no,mature_seq,70,Long-chain,Long-chain
Q53B57,no,mature_seq,70,Long-chain,Long-chain
Q53B58,no,mature_seq,72,Long-chain,Long-chain
Q53B59,no,mature_seq,70,Long-chain,Long-chain
Q53B61,no,mature_seq,65,Plesiotypic,Plesiotypic
Q69CJ8,no,mature_seq,62,Short-chain,Short-chain
Q69CK0,no,mature_seq,63,Short-chain,Short-chain
None|Oran_dn_10|Ornithorhynchus_anatinus,no,mature_seq,113,Ly-6,Ly-6
None|Oran6|Ornithorhynchus_anatinus,no,mature_seq,104,Ly-6,Ly-6
None|Oran9|Ornithorhynchus_anatinus,no,mature_seq,104,Ly-6,Ly-6
None|Oran_1|Ornithorhynchus_anatinus,no,mature_seq,122,Ly-6,Ly-6
None|Oran8|Ornithorhynchus_anatinus,no,mature_seq,123,Ly-6,Ly-6
None|Oran_dn5|Ornithorhynchus_anatinus,no,mature_seq,100,Ly-6,Ly-6
None|Oran1|Ornithorhynchus_anatinus,no,mature_seq,106,Ly-6,Ly-6
None|Oran_2|Ornithorhynchus_anatinus,no,mature_seq,95,Ly-6,Ly-6
None|Oran7|Ornithorhynchus_anatinus,no,mature_seq,101,Ly-6,Ly-6
None|Oran3|Ornithorhynchus_anatinus,no,mature_seq,104,Ly-6,Ly-6
None|Oran2|Ornithorhynchus_anatinus,no,mature_seq,107,Ly-6,Ly-6
None|Oran_dn4|Ornithorhynchus_anatinus,no,mature_seq,101,Ly-6,Ly-6
A0A193CHK9,no,mature_seq,89,Plesiotypic,Plesiotypic
C0HJD3,no,mature_seq,74,Plesiotypic,Plesiotypic
A7X4Q3,no,mature_seq,71,Long-chain,Long-chain
A7X4R0,no,mature_seq,71,Non-standard,Short-chain
A7X4R5,no,mature_seq,62,Short-chain,Short-chain
A7X4S0,no,mature_seq,62,Short-chain,Short-chain
A7X4S7,no,mature_seq,56,Short-chain,Short-chain
A7X4T2,no,mature_seq,60,Short-chain,Short-chain
A8HDK7,no,mature_seq,71,Long-chain,Long-chain
A8HDK8,no,mature_seq,71,Long-chain,Long-chain
A8HDK2,no,mature_seq,56,Short-chain,Short-chain
A8HDK9,no,mature_seq,71,Non-standard,Short-chain
P0CB06,no,mature_seq,62,Short-chain,Short-chain
Q45Z11,no,mature_seq,62,Short-chain,Short-chain
Q4VRI0,no,mature_seq,58,Short-chain,Short-chain
A0A098LYG6,no,mature_seq,65,Non-standard,Non-standard
A0A098LYH6,no,mature_seq,86,Plesiotypic,Plesiotypic
A0A098LYI5,no,mature_seq,61,Plesiotypic,Plesiotypic
A0A6P9C8Z9,no,mature_seq,69,Plesiotypic,Plesiotypic
NCBI|Pgut_NW_023011746_1_mka|Pantherophis_guttatus,no,mature_seq,63,Non-standard,Short-chain
NCBI|Pgut_NW_023031289_1_mka|Pantherophis_guttatus,no,mature_seq,61,Plesiotypic,Plesiotypic
H8PG61,no,mature_seq,60,Short-chain,Short-chain
H8PG65,no,mature_seq,62,Short-chain,Short-chain
H8PG67,no,mature_seq,85,Non-standard,Non-standard
H8PG68,no,mature_seq,82,Long-chain,Long-chain
A0A182C5S7,no,mature_seq,60,Non-standard,Non-standard
A0A182C5Y1,no,mature_seq,65,Non-standard,Non-standard
None|Phci_17|Phascolarctos_cinereus,no,mature_seq,117,Ly-6,Ly-6
None|Phci_8|Phascolarctos_cinereus,no,mature_seq,107,Ly-6,Ly-6
None|Phci_7|Phascolarctos_cinereus,no,mature_seq,101,Ly-6,Ly-6
None|Phci_14|Phascolarctos_cinereus,no,mature_seq,107,Ly-6,Ly-6
None|Phci_15|Phascolarctos_cinereus,no,mature_seq,114,Ly-6,Ly-6
None|Phci_16|Phascolarctos_cinereus,no,mature_seq,107,Ly-6,Ly-6
None|Phci_11|Phascolarctos_cinereus,no,mature_seq,104,Ly-6,Ly-6
None|Phci_13|Phascolarctos_cinereus,no,mature_seq,93,Ly-6,Ly-6
None|Phci_4|Phascolarctos_cinereus,no,mature_seq,101,Ly-6,Ly-6
None|Phci_6|Phascolarctos_cinereus,no,mature_seq,96,Ly-6,Ly-6
None|Phci_3|Phascolarctos_cinereus,no,mature_seq,107,Ly-6,Ly-6
None|Phci_5|Phascolarctos_cinereus,no,mature_seq,107,Ly-6,Ly-6
None|Phci_2|Phascolarctos_cinereus,no,mature_seq,103,Ly-6,Ly-6
None|Povi_7|Pogona_vitticeps,no,mature_seq,99,Ly-6,Ly-6
None|Povi_3|Pogona_vitticeps,no,mature_seq,107,Ly-6,Ly-6
None|Povi_1|Pogona_vitticeps,no,mature_seq,104,Ly-6,Ly-6
None|Povi_5|Pogona_vitticeps,no,mature_seq,107,Ly-6,Ly-6
None|Povi_6|Pogona_vitticeps,no,mature_seq,106,Ly-6,Ly-6
None|Povi_9|Pogona_vitticeps,no,mature_seq,81,Ly-6,Ly-6
None|Povi_11|Pogona_vitticeps,no,mature_seq,106,Ly-6,Ly-6
None|Povi_10|Pogona_vitticeps,no,mature_seq,77,Ly-6,Ly-6
None|Povi_4|Pogona_vitticeps,no,mature_seq,92,Ly-6,Pre-3FTx
None|Povi_12|Pogona_vitticeps,no,mature_seq,99,Ly-6,Ly-6
None|Povi_8|Pogona_vitticeps,no,mature_seq,103,Ly-6,Ly-6
U3T794,no,mature_seq,68,Non-standard,Non-standard
NCBI|PROMU_XM_015823117.1_32_274|Protobothrops_mucrosquamatus,no,mature_seq,60,Plesiotypic,Plesiotypic
None|Prmu_6|Protobothrops_mucrosquamatus,no,mature_seq,75,Ly-6,Non-standard
None|Prmu_5|Protobothrops_mucrosquamatus,no,mature_seq,107,Ly-6,Plesiotypic
None|Prmu_7|Protobothrops_mucrosquamatus,no,mature_seq,107,Ly-6,Plesiotypic
None|Prmu_2|Protobothrops_mucrosquamatus,no,mature_seq,58,Plesiotypic,Plesiotypic
None|Prmu_3|Protobothrops_mucrosquamatus,no,mature_seq,56,Non-standard,Non-standard
None|Prmu_4|Protobothrops_mucrosquamatus,no,mature_seq,61,Plesiotypic,Plesiotypic
NCBI|Protobothrops_mucrosquamatus_XP_015678608|Protobothrops_mucrosquamatus,no,mature_seq,68,Non-standard,Plesiotypic
A7X3M3,no,mature_seq,69,Non-standard,Non-standard
NCBI|PSASC_OL366270.1_1_258|Psammophis_schokari,no,mature_seq,65,Plesiotypic,Plesiotypic
NCBI|PSASC_OL366274.1_1_264|Psammophis_schokari,no,mature_seq,67,Plesiotypic,Plesiotypic
None|Psammophis_schokari_unigene221596|Psammophis_schokari,no,mature_seq,62,Plesiotypic,Plesiotypic
None|Psammophis_schokari_unigene36962|Psammophis_schokari,no,mature_seq,62,Plesiotypic,Plesiotypic
None|Psammophis_schokari_unigene503446|Psammophis_schokari,no,mature_seq,60,Plesiotypic,Plesiotypic
NCBI|PSASC_OL366271.1_1_249|Psammophis_schokari,no,mature_seq,65,Non-standard,Non-standard
None|Psammophis_schokari_unigene276500|Psammophis_schokari,no,mature_seq,66,Non-standard,Non-standard
NCBI|PSASU_OL439254.1_1_252|Psammophis_subtaeniatus,no,mature_seq,63,Non-standard,Plesiotypic
None|Psammophis_subtaeniatus_unigene107172|Psammophis_subtaeniatus,no,mature_seq,62,Non-standard,Plesiotypic
None|Psammophis_subtaeniatus_unigene33896|Psammophis_subtaeniatus,no,mature_seq,60,Plesiotypic,Plesiotypic
P14612,no,mature_seq,68,Non-standard,Long-chain
P25497,no,mature_seq,62,Short-chain,Short-chain
A8HDJ4,no,mature_seq,62,Short-chain,Short-chain
S6CB76,no,mature_seq,67,Long-chain,Long-chain
None|Pseudocerastes_urarachnoides_3FTx_05|Pseudocerastes_urarachnoides,no,mature_seq,67,Non-standard,Non-standard
None|Pseudocerastes_urarachnoides_3FTx_06|Pseudocerastes_urarachnoides,no,mature_seq,67,Non-standard,Non-standard
R4FIT0,no,mature_seq,74,Non-standard,Short-chain
R4FIT5,no,mature_seq,74,Long-chain,Long-chain
R4FIV9,no,mature_seq,58,Short-chain,Short-chain
R4FIW8,no,mature_seq,58,Short-chain,Short-chain
R4FK68,no,mature_seq,88,Long-chain,Long-chain
R4FK75,no,mature_seq,67,Long-chain,Long-chain
R4FK93,no,mature_seq,68,Non-standard,Short-chain
R4FKC0,no,mature_seq,58,Short-chain,Short-chain
R4G2J7,no,mature_seq,58,Non-standard,Non-standard
R4G2J9,no,mature_seq,58,Short-chain,Short-chain
R4G2K1,no,mature_seq,58,Short-chain,Short-chain
R4G2K2,no,mature_seq,58,Short-chain,Short-chain
R4G2K6,no,mature_seq,58,Short-chain,Short-chain
R4G319,no,mature_seq,67,Long-chain,Long-chain
R4G321,no,mature_seq,78,Non-standard,Short-chain
R4G326,no,mature_seq,58,Non-standard,Non-standard
R4G330,no,mature_seq,58,Short-chain,Short-chain
R4G7K5,no,mature_seq,58,Short-chain,Short-chain
R4G7K6,no,mature_seq,58,Non-standard,Non-standard
A8HDK1,no,mature_seq,58,Short-chain,Short-chain
A8HDK6,no,mature_seq,68,Non-standard,Short-chain
P13495,no,mature_seq,71,Long-chain,Long-chain
Q9W7J5,no,mature_seq,82,Long-chain,Long-chain
Q9W7J6,no,mature_seq,58,Short-chain,Short-chain
Q9W7J7,no,mature_seq,58,Short-chain,Short-chain
Q9W7J9,no,mature_seq,58,Non-standard,Non-standard
Q9W7K0,no,mature_seq,58,Short-chain,Short-chain
Q9W7K1,no,mature_seq,58,Short-chain,Short-chain
Q9W7K2,no,mature_seq,58,Short-chain,Short-chain
NCBI|Pste_9|Pseudonaja_textilis,no,mature_seq,89,Ly-6,Plesiotypic
NCBI|Pste_4|Pseudonaja_textilis,no,mature_seq,104,Ly-6,Plesiotypic
NCBI|Pste_2|Pseudonaja_textilis,no,mature_seq,104,Ly-6,Plesiotypic
NCBI|Pste_5|Pseudonaja_textilis,no,mature_seq,106,Ly-6,Plesiotypic
NCBI|Pste_6|Pseudonaja_textilis,no,mature_seq,106,Ly-6,Plesiotypic
NCBI|Pste_7|Pseudonaja_textilis,no,mature_seq,81,Ly-6,Plesiotypic
NCBI|Pste_8|Pseudonaja_textilis,no,mature_seq,107,Ly-6,Plesiotypic
NCBI|Pste_3|Pseudonaja_textilis,no,mature_seq,107,Ly-6,Plesiotypic
NCBI|PSETE_GDAD01000072.1_272_508|Pseudonaja_textilis,no,mature_seq,58,Short-chain,Short-chain
NCBI|PSETE_GDAD01000079.1_272_508|Pseudonaja_textilis,no,mature_seq,58,Short-chain,Short-chain
NCBI|PSETE_GDAD01000185.1_103_345|Pseudonaja_textilis,no,mature_seq,60,Short-chain,Short-chain
NCBI|PSETE_GDAD01000187.1_103_339|Pseudonaja_textilis,no,mature_seq,58,Non-standard,Non-standard
NCBI|Pste_s337_1|Pseudonaja_textilis,no,mature_seq,65,Plesiotypic,Plesiotypic
NCBI|PSETE_XM_026716000.1_90_335|Pseudonaja_textilis,no,mature_seq,61,Short-chain,Short-chain
NCBI|Pste1|Pseudonaja_textilis,no,mature_seq,62,Short-chain,Short-chain
NCBI|PSETE_GDAD01001328.1_69_296|Pseudonaja_textilis,no,mature_seq,76,Non-standard,Long-chain
None|Pybi_3|Python_bivittatus,no,mature_seq,104,Ly-6,Plesiotypic
None|Pybi_1|Python_bivittatus,no,mature_seq,107,Ly-6,Plesiotypic
None|Pybi_2|Python_bivittatus,no,mature_seq,107,Ly-6,Plesiotypic
NCBI|Pbiv_NW_006541926_1_gene_1_mRNA_1|Python_bivittatus,no,mature_seq,75,Non-standard,Plesiotypic
NCBI|Pbiv_NW_006543148_1_gene_1_mRNA_1|Python_bivittatus,no,mature_seq,68,Non-standard,Plesiotypic
A0A098LWQ5,no,mature_seq,61,Non-standard,Plesiotypic
A0A098LY55,no,mature_seq,65,Plesiotypic,Plesiotypic
A0A098LY61,no,mature_seq,63,Non-standard,Non-standard
A0A098LY67,no,mature_seq,73,Plesiotypic,Plesiotypic
NCBI|RHASU_OL439258.1_1_255|Rhabdophis_subminiatus,no,mature_seq,66,Non-standard,Non-standard
NCBI|RHASU_OL439256.1_49_252|Rhabdophis_subminiatus,no,mature_seq,64,Non-standard,Non-standard
None|Rhabdophis_subminiatus_unigene144234|Rhabdophis_subminiatus,no,mature_seq,65,Non-standard,Non-standard
None|Rhabdophis_subminiatus_unigene61055|Rhabdophis_subminiatus,no,mature_seq,65,Non-standard,Non-standard
NCBI|RHASU_OL439257.1_1_264|Rhabdophis_subminiatus,no,mature_seq,67,Plesiotypic,Plesiotypic
NCBI|RHASU_OL439259.1_1_258|Rhabdophis_subminiatus,no,mature_seq,65,Plesiotypic,Plesiotypic
NCBI|RHASU_OL439262.1_1_264|Rhabdophis_subminiatus,no,mature_seq,72,Non-standard,Plesiotypic
NCBI|RHASU_OL439263.1_1_264|Rhabdophis_subminiatus,no,mature_seq,67,Plesiotypic,Plesiotypic
None|Rhabdophis_subminiatus_unigene52075|Rhabdophis_subminiatus,no,mature_seq,64,Plesiotypic,Plesiotypic
None|Rhabdophis_subminiatus_unigene76486|Rhabdophis_subminiatus,no,mature_seq,66,Non-standard,Plesiotypic
None|Rhabdophis_subminiatus_unigene76489|Rhabdophis_subminiatus,no,mature_seq,66,Plesiotypic,Plesiotypic
A5X2W6,no,mature_seq,69,Non-standard,Non-standard
A5X2W7,no,mature_seq,64,Plesiotypic,Plesiotypic
A5X2W8,no,mature_seq,73,Plesiotypic,Plesiotypic
A5X2W9,no,mature_seq,65,Plesiotypic,Plesiotypic
A5X2X0,no,mature_seq,64,Plesiotypic,Plesiotypic
B4Y143,no,mature_seq,64,Plesiotypic,Plesiotypic
A0A346CI88,no,mature_seq,67,Non-standard,Non-standard
A0A346CI89,no,mature_seq,63,Non-standard,Non-standard
A0A346CI93,no,mature_seq,77,Plesiotypic,Plesiotypic
A0A346CI94,no,mature_seq,73,Plesiotypic,Plesiotypic
A0A346CI95,no,mature_seq,65,Plesiotypic,Plesiotypic
A0A346CIA0,no,mature_seq,77,Plesiotypic,Plesiotypic
A0A346CIA9,no,mature_seq,73,Plesiotypic,Plesiotypic
A0A346CIB0,no,mature_seq,65,Plesiotypic,Plesiotypic
A0A346CIB1,no,mature_seq,77,Plesiotypic,Plesiotypic
A0A346CIB2,no,mature_seq,73,Plesiotypic,Plesiotypic
A0A346CIB4,no,mature_seq,73,Plesiotypic,Plesiotypic
A0A346CIB5,no,mature_seq,73,Plesiotypic,Plesiotypic
A0A346CIB7,no,mature_seq,65,Plesiotypic,Plesiotypic
NCBI|TANNI_GJFV01002418.1_1_255|Tantilla_nigriceps,no,mature_seq,64,Non-standard,Non-standard
NCBI|TANNI_GJFV01002409.1_1_333|Tantilla_nigriceps,no,mature_seq,92,Plesiotypic,Plesiotypic
NCBI|TANNI_GJFV01002407.1_1_318|Tantilla_nigriceps,no,mature_seq,87,Plesiotypic,Plesiotypic
NCBI|TANNI_GJFV01002408.1_1_327|Tantilla_nigriceps,no,mature_seq,90,Plesiotypic,Plesiotypic
NCBI|TANNI_GJFV01002410.1_1_321|Tantilla_nigriceps,no,mature_seq,88,Plesiotypic,Plesiotypic
NCBI|TANNI_GJFV01002438.1_1_327|Tantilla_nigriceps,no,mature_seq,90,Plesiotypic,Plesiotypic
NCBI|TANNI_GJFV01002419.1_1_255|Tantilla_nigriceps,no,mature_seq,64,Plesiotypic,Plesiotypic
NCBI|TANNI_GJFV01002420.1_1_258|Tantilla_nigriceps,no,mature_seq,65,Plesiotypic,Plesiotypic
NCBI|TANNI_GJFV01002421.1_70_255|Tantilla_nigriceps,no,mature_seq,62,Plesiotypic,Plesiotypic
A7X3N6,no,mature_seq,63,Non-standard,Non-standard
A7X3S5,no,mature_seq,73,Non-standard,Non-standard
A7X3S8,no,mature_seq,73,Non-standard,Plesiotypic
A7X3V0,no,mature_seq,92,Plesiotypic,Plesiotypic
NCBI|THAST_JK264299.1_33_284|Thamnodynastes_strigatus,no,mature_seq,63,Plesiotypic,Plesiotypic
NCBI|Tele_rna_XM_032222667_1_mka|Thamnophis_elegans,no,mature_seq,65,Non-standard,Short-chain
NCBI|Tele_NC_045548_1_gene_1_mRNA_15_mka|Thamnophis_elegans,no,mature_seq,61,Non-standard,Short-chain
NCBI|THAEL_XR_004255865.1_31_267|Thamnophis_elegans,no,mature_seq,58,Non-standard,Short-chain
NCBI|Tele_NC_045548_1_gene_1_mRNA_11_mka|Thamnophis_elegans,no,mature_seq,67,Plesiotypic,Plesiotypic
NCBI|Tele_NC_045548_1_gene_1_mRNA_13_mka|Thamnophis_elegans,no,mature_seq,67,Plesiotypic,Plesiotypic
NCBI|Tele_NC_045548_1_gene_1_mRNA_4_mka|Thamnophis_elegans,no,mature_seq,67,Plesiotypic,Plesiotypic
NCBI|Tele_NC_045548_1_gene_1_mRNA_6_mka|Thamnophis_elegans,no,mature_seq,67,Plesiotypic,Plesiotypic
NCBI|Tele_NC_045548_1_gene_1_mRNA_8_mka|Thamnophis_elegans,no,mature_seq,67,Plesiotypic,Plesiotypic
NCBI|THAEL_XM_032222341.1_64_258|Thamnophis_elegans,no,mature_seq,65,Non-standard,Non-standard
NCBI|Tele_NC_045548_1_gene_1_mRNA_14|Thamnophis_elegans,no,mature_seq,65,Non-standard,Non-standard
NCBI|Tele_NC_045548_1_gene_1_mRNA_17|Thamnophis_elegans,no,mature_seq,69,Plesiotypic,Plesiotypic
NCBI|THAEL_XM_032222342.1_49_258|Thamnophis_elegans,no,mature_seq,70,Plesiotypic,Plesiotypic
NCBI|Tele_NC_045548_1_gene_1_mRNA_1_mka|Thamnophis_elegans,no,mature_seq,60,Plesiotypic,Plesiotypic
NCBI|Tele_NC_045548_1_gene_1_mRNA_10_mka|Thamnophis_elegans,no,mature_seq,59,Plesiotypic,Plesiotypic
NCBI|Tele_NC_045548_1_gene_1_mRNA_16|Thamnophis_elegans,no,mature_seq,65,Plesiotypic,Plesiotypic
NCBI|Tele_NC_045548_1_gene_1_mRNA_18|Thamnophis_elegans,no,mature_seq,65,Plesiotypic,Plesiotypic
NCBI|Tele_NC_045548_1_gene_1_mRNA_2_mka|Thamnophis_elegans,no,mature_seq,59,Plesiotypic,Plesiotypic
NCBI|Tele_NC_045548_1_gene_1_mRNA_5_mka|Thamnophis_elegans,no,mature_seq,60,Plesiotypic,Plesiotypic
NCBI|Tele_NC_045548_1_gene_1_mRNA_7_mka|Thamnophis_elegans,no,mature_seq,60,Plesiotypic,Plesiotypic
NCBI|Tele_rna_XM_032222338_1|Thamnophis_elegans,no,mature_seq,65,Plesiotypic,Plesiotypic
NCBI|Tele_rna_XM_032222748_1_mka|Thamnophis_elegans,no,mature_seq,61,Plesiotypic,Plesiotypic
NCBI|THAEL_XM_032222748.1_26_265|Thamnophis_elegans,no,mature_seq,59,Plesiotypic,Plesiotypic
NCBI|Tele_NC_045548_1_gene_1_mRNA_9_mka|Thamnophis_elegans,no,mature_seq,67,Plesiotypic,Plesiotypic
NCBI|THASI_GDKU01029485.1_88_309|Thamnophis_sirtalis,no,mature_seq,74,Non-standard,Plesiotypic
A0A646QBR0,no,mature_seq,67,Non-standard,Non-standard
A0A646QDR7,no,mature_seq,67,Non-standard,Non-standard
None|Thelotornis_mossambicanus_3FTx_04|Thelotornis_mossambicanus,no,mature_seq,67,Non-standard,Non-standard
None|Thelotornis_mossambicanus_3FTx_01|Thelotornis_mossambicanus,no,mature_seq,65,Non-standard,Non-standard
None|Thelotornis_mossambicanus_3FTx_05|Thelotornis_mossambicanus,no,mature_seq,72,Plesiotypic,Plesiotypic
None|Thelotornis_mossambicanus_3FTx_08|Thelotornis_mossambicanus,no,mature_seq,73,Plesiotypic,Plesiotypic
None|Thelotornis_mossambicanus_3FTx_09|Thelotornis_mossambicanus,no,mature_seq,73,Plesiotypic,Plesiotypic
None|Thelotornis_mossambicanus_3FTx_11|Thelotornis_mossambicanus,no,mature_seq,73,Plesiotypic,Plesiotypic
None|Thelotornis_mossambicanus_3FTx_15|Thelotornis_mossambicanus,no,mature_seq,73,Plesiotypic,Plesiotypic
None|Thelotornis_mossambicanus_3FTx_06|Thelotornis_mossambicanus,no,mature_seq,68,Plesiotypic,Plesiotypic
A7X3T6,no,mature_seq,73,Plesiotypic,Plesiotypic
A7X3U4,no,mature_seq,67,Plesiotypic,Plesiotypic
A7X3U7,no,mature_seq,73,Non-standard,Plesiotypic
A7X6I4,no,mature_seq,67,Non-standard,Non-standard
NCBI|TREVA_GGQZ01007816.1_20_253|Tretanorhinus_variabilis,no,mature_seq,57,Non-standard,Non-standard
A7X3Q9,no,mature_seq,66,Plesiotypic,Plesiotypic
A7X3S0,no,mature_seq,92,Plesiotypic,Plesiotypic
A7X3S2,no,mature_seq,92,Non-standard,Non-standard
A0A193CHM1,no,mature_seq,91,Plesiotypic,Plesiotypic
A0A193CHM4,no,mature_seq,92,Plesiotypic,Plesiotypic
A0A193CHM5,no,mature_seq,92,Plesiotypic,Plesiotypic
A8HDJ5,no,mature_seq,60,Short-chain,Short-chain
A8HDJ6,no,mature_seq,60,Short-chain,Short-chain
A8HDK4,no,mature_seq,72,Long-chain,Long-chain
None|Vako10|Varanus_komodoensis,no,mature_seq,86,Ly-6,Ly-6
None|Vako_dn3|Varanus_komodoensis,no,mature_seq,107,Ly-6,Ly-6
None|Vako1|Varanus_komodoensis,no,mature_seq,104,Ly-6,Ly-6
None|Vako5|Varanus_komodoensis,no,mature_seq,106,Ly-6,Ly-6
None|Vako6|Varanus_komodoensis,no,mature_seq,106,Ly-6,Ly-6
None|Vako_dn8|Varanus_komodoensis,no,mature_seq,81,Ly-6,Ly-6
None|Vako9|Varanus_komodoensis,no,mature_seq,106,Ly-6,Ly-6
None|Vako_dn4|Varanus_komodoensis,no,mature_seq,101,Ly-6,Pre-3FTx
None|Vako7|Varanus_komodoensis,no,mature_seq,105,Ly-6,Ly-6
None|Vako_dn2|Varanus_komodoensis,no,mature_seq,59,Ly-6,Ly-6
R4FIZ2,no,mature_seq,62,Short-chain,Short-chain
R4FIZ6,no,mature_seq,65,Long-chain,Long-chain
R4FKG3,no,mature_seq,75,Long-chain,Long-chain
R4FKG7,no,mature_seq,60,Non-standard,Non-standard
R4G2M0,no,mature_seq,61,Short-chain,Short-chain
R4G2M2,no,mature_seq,60,Non-standard,Non-standard
R4G352,no,mature_seq,71,Long-chain,Long-chain
R4G354,no,mature_seq,60,Non-standard,Non-standard
R4G7L9,no,mature_seq,60,Short-chain,Short-chain
NCBI|VIPTR_OL439441.1_1_264|Vipera_transcaucasiana,no,mature_seq,67,Non-standard,Non-standard
None|Vipera_transcaucasiana_3FTx_08|Vipera_transcaucasiana,no,mature_seq,67,Non-standard,Non-standard
None|Vipera_transcaucasiana_3FTx_09|Vipera_transcaucasiana,no,mature_seq,67,Non-standard,Non-standard
None|Vipera_transcaucasiana_3FTx_10|Vipera_transcaucasiana,no,mature_seq,67,Non-standard,Non-standard
C0HKZ8,no,mature_seq,63,Plesiotypic,Plesiotypic
C1IC47,no,mature_seq,62,Short-chain,Short-chain
C1IC48,no,mature_seq,62,Short-chain,Short-chain
C1IC49,no,mature_seq,65,Plesiotypic,Plesiotypic
NCBI|WALAE_GIJO01002203.1_C450_211|Walterinnesia_aegyptia,no,mature_seq,79,Short-chain,Short-chain
NCBI|WALAE_GIJO01002391.1_C377_165|Walterinnesia_aegyptia,no,mature_seq,71,Short-chain,Short-chain
NCBI|WALAE_GIJO01002432.1_C415_209|Walterinnesia_aegyptia,no,mature_seq,68,Short-chain,Short-chain
NCBI|WALAE_GIJO01000037.1_C2199_1945|Walterinnesia_aegyptia,no,mature_seq,64,Short-chain,Short-chain
NCBI|WALAE_GIJO01002154.1_C376_188|Walterinnesia_aegyptia,no,mature_seq,63,Plesiotypic,Plesiotypic
NCBI|XENME_JZ904948.1_7_246|Xenodon_merremii,no,mature_seq,59,Non-standard,Non-standard
NCBI|XENME_JZ904769.1_12_257|Xenodon_merremii,no,mature_seq,61,Non-standard,Non-standard
NCBI|XENME_JZ904898.1_10_261|Xenodon_merremii,no,mature_seq,65,Plesiotypic,Plesiotypic
None|Xetr_2|Xenopus_tropicalis,no,mature_seq,114,Ly-6,Ly-6
None|Xetr_3|Xenopus_tropicalis,no,mature_seq,83,Ly-6,Ly-6
None|Xetr_1|Xenopus_tropicalis,no,mature_seq,99,Ly-6,Ly-6
None|Xetr_5|Xenopus_tropicalis,no,mature_seq,106,Ly-6,Ly-6
None|Xetr_6|Xenopus_tropicalis,no,mature_seq,106,Ly-6,Ly-6
None|Xetr_7|Xenopus_tropicalis,no,mature_seq,98,Ly-6,Ly-6
None|Xetr_8|Xenopus_tropicalis,no,mature_seq,103,Ly-6,Ly-6
None|Xetr4|Xenopus_tropicalis,no,mature_seq,82,Ly-6,Ly-6
None|Xetr_9|Xenopus_tropicalis,no,mature_seq,110,Ly-6,Ly-6
